id,identifier,species_id,order,generation_id,is_default,is_legend,is_mega,is_alolan,is_special,artwork_by_id,artwork_by_identifier,artwork_by_id_and_identifier
1,bulbasaur,1,1,1,1,0,0,0,0,001.png,bulbasaur.png,001Bulbasaur.png
2,ivysaur,2,2,1,1,0,0,0,0,002.png,ivysaur.png,002Ivysaur.png
3,venusaur,3,3,1,1,0,0,0,0,003.png,venusaur.png,003Venusaur.png
4,charmander,4,5,1,1,0,0,0,0,004.png,charmander.png,004Charmander.png
5,charmeleon,5,6,1,1,0,0,0,0,005.png,charmeleon.png,005Charmeleon.png
6,charizard,6,7,1,1,0,0,0,0,006.png,charizard.png,006Charizard.png
7,squirtle,7,10,1,1,0,0,0,0,007.png,squirtle.png,007Squirtle.png
8,wartortle,8,11,1,1,0,0,0,0,008.png,wartortle.png,008Wartortle.png
9,blastoise,9,12,1,1,0,0,0,0,009.png,blastoise.png,009Blastoise.png
10,caterpie,10,14,1,1,0,0,0,0,010.png,caterpie.png,010Caterpie.png
11,metapod,11,15,1,1,0,0,0,0,011.png,metapod.png,011Metapod.png
12,butterfree,12,16,1,1,0,0,0,0,012.png,butterfree.png,012Butterfree.png
13,weedle,13,17,1,1,0,0,0,0,013.png,weedle.png,013Weedle.png
14,kakuna,14,18,1,1,0,0,0,0,014.png,kakuna.png,014Kakuna.png
15,beedrill,15,19,1,1,0,0,0,0,015.png,beedrill.png,015Beedrill.png
16,pidgey,16,21,1,1,0,0,0,0,016.png,pidgey.png,016Pidgey.png
17,pidgeotto,17,22,1,1,0,0,0,0,017.png,pidgeotto.png,017Pidgeotto.png
18,pidgeot,18,23,1,1,0,0,0,0,018.png,pidgeot.png,018Pidgeot.png
19,rattata,19,25,1,1,0,0,0,0,019.png,rattata.png,019Rattata.png
20,raticate,20,27,1,1,0,0,0,0,020.png,raticate.png,020Raticate.png
21,spearow,21,30,1,1,0,0,0,0,021.png,spearow.png,021Spearow.png
22,fearow,22,31,1,1,0,0,0,0,022.png,fearow.png,022Fearow.png
23,ekans,23,32,1,1,0,0,0,0,023.png,ekans.png,023Ekans.png
24,arbok,24,33,1,1,0,0,0,0,024.png,arbok.png,024Arbok.png
25,pikachu,25,35,1,1,0,0,0,0,025.png,pikachu.png,025Pikachu.png
26,raichu,26,43,1,1,0,0,0,0,026.png,raichu.png,026Raichu.png
27,sandshrew,27,45,1,1,0,0,0,0,027.png,sandshrew.png,027Sandshrew.png
28,sandslash,28,47,1,1,0,0,0,0,028.png,sandslash.png,028Sandslash.png
29,nidoran\u2640,29,49,1,1,0,0,0,1,029-female.png,nidoran-female.png,029Nidoran-Female.png
30,nidorina,30,50,1,1,0,0,0,0,030.png,nidorina.png,030Nidorina.png
31,nidoqueen,31,51,1,1,0,0,0,0,031.png,nidoqueen.png,031Nidoqueen.png
32,nidoran\u2642,32,52,1,1,0,0,0,1,032-male.png,nidoran-male.png,032Nidoran-Male.png
33,nidorino,33,53,1,1,0,0,0,0,033.png,nidorino.png,033Nidorino.png
34,nidoking,34,54,1,1,0,0,0,0,034.png,nidoking.png,034Nidoking.png
35,clefairy,35,56,1,1,0,0,0,0,035.png,clefairy.png,035Clefairy.png
36,clefable,36,57,1,1,0,0,0,0,036.png,clefable.png,036Clefable.png
37,vulpix,37,58,1,1,0,0,0,0,037.png,vulpix.png,037Vulpix.png
38,ninetales,38,60,1,1,0,0,0,0,038.png,ninetales.png,038Ninetales.png
39,jigglypuff,39,63,1,1,0,0,0,0,039.png,jigglypuff.png,039Jigglypuff.png
40,wigglytuff,40,64,1,1,0,0,0,0,040.png,wigglytuff.png,040Wigglytuff.png
41,zubat,41,65,1,1,0,0,0,0,041.png,zubat.png,041Zubat.png
42,golbat,42,66,1,1,0,0,0,0,042.png,golbat.png,042Golbat.png
43,oddish,43,68,1,1,0,0,0,0,043.png,oddish.png,043Oddish.png
44,gloom,44,69,1,1,0,0,0,0,044.png,gloom.png,044Gloom.png
45,vileplume,45,70,1,1,0,0,0,0,045.png,vileplume.png,045Vileplume.png
46,paras,46,72,1,1,0,0,0,0,046.png,paras.png,046Paras.png
47,parasect,47,73,1,1,0,0,0,0,047.png,parasect.png,047Parasect.png
48,venonat,48,74,1,1,0,0,0,0,048.png,venonat.png,048Venonat.png
49,venomoth,49,75,1,1,0,0,0,0,049.png,venomoth.png,049Venomoth.png
50,diglett,50,76,1,1,0,0,0,0,050.png,diglett.png,050Diglett.png
51,dugtrio,51,78,1,1,0,0,0,0,051.png,dugtrio.png,051Dugtrio.png
52,meowth,52,80,1,1,0,0,0,0,052.png,meowth.png,052Meowth.png
53,persian,53,82,1,1,0,0,0,0,053.png,persian.png,053Persian.png
54,psyduck,54,84,1,1,0,0,0,0,054.png,psyduck.png,054Psyduck.png
55,golduck,55,85,1,1,0,0,0,0,055.png,golduck.png,055Golduck.png
56,mankey,56,86,1,1,0,0,0,0,056.png,mankey.png,056Mankey.png
57,primeape,57,87,1,1,0,0,0,0,057.png,primeape.png,057Primeape.png
58,growlithe,58,88,1,1,0,0,0,0,058.png,growlithe.png,058Growlithe.png
59,arcanine,59,89,1,1,0,0,0,0,059.png,arcanine.png,059Arcanine.png
60,poliwag,60,90,1,1,0,0,0,0,060.png,poliwag.png,060Poliwag.png
61,poliwhirl,61,91,1,1,0,0,0,0,061.png,poliwhirl.png,061Poliwhirl.png
62,poliwrath,62,92,1,1,0,0,0,0,062.png,poliwrath.png,062Poliwrath.png
63,abra,63,94,1,1,0,0,0,0,063.png,abra.png,063Abra.png
64,kadabra,64,95,1,1,0,0,0,0,064.png,kadabra.png,064Kadabra.png
65,alakazam,65,96,1,1,0,0,0,0,065.png,alakazam.png,065Alakazam.png
66,machop,66,98,1,1,0,0,0,0,066.png,machop.png,066Machop.png
67,machoke,67,99,1,1,0,0,0,0,067.png,machoke.png,067Machoke.png
68,machamp,68,100,1,1,0,0,0,0,068.png,machamp.png,068Machamp.png
69,bellsprout,69,101,1,1,0,0,0,0,069.png,bellsprout.png,069Bellsprout.png
70,weepinbell,70,102,1,1,0,0,0,0,070.png,weepinbell.png,070Weepinbell.png
71,victreebel,71,103,1,1,0,0,0,0,071.png,victreebel.png,071Victreebel.png
72,tentacool,72,104,1,1,0,0,0,0,072.png,tentacool.png,072Tentacool.png
73,tentacruel,73,105,1,1,0,0,0,0,073.png,tentacruel.png,073Tentacruel.png
74,geodude,74,106,1,1,0,0,0,0,074.png,geodude.png,074Geodude.png
75,graveler,75,108,1,1,0,0,0,0,075.png,graveler.png,075Graveler.png
76,golem,76,110,1,1,0,0,0,0,076.png,golem.png,076Golem.png
77,ponyta,77,112,1,1,0,0,0,0,077.png,ponyta.png,077Ponyta.png
78,rapidash,78,113,1,1,0,0,0,0,078.png,rapidash.png,078Rapidash.png
79,slowpoke,79,114,1,1,0,0,0,0,079.png,slowpoke.png,079Slowpoke.png
80,slowbro,80,115,1,1,0,0,0,0,080.png,slowbro.png,080Slowbro.png
81,magnemite,81,118,1,1,0,0,0,0,081.png,magnemite.png,081Magnemite.png
82,magneton,82,119,1,1,0,0,0,0,082.png,magneton.png,082Magneton.png
83,farfetchd,83,121,1,1,0,0,0,0,083.png,farfetchd.png,083Farfetchd.png
84,doduo,84,122,1,1,0,0,0,0,084.png,doduo.png,084Doduo.png
85,dodrio,85,123,1,1,0,0,0,0,085.png,dodrio.png,085Dodrio.png
86,seel,86,124,1,1,0,0,0,0,086.png,seel.png,086Seel.png
87,dewgong,87,125,1,1,0,0,0,0,087.png,dewgong.png,087Dewgong.png
88,grimer,88,126,1,1,0,0,0,0,088.png,grimer.png,088Grimer.png
89,muk,89,128,1,1,0,0,0,0,089.png,muk.png,089Muk.png
90,shellder,90,130,1,1,0,0,0,0,090.png,shellder.png,090Shellder.png
91,cloyster,91,131,1,1,0,0,0,0,091.png,cloyster.png,091Cloyster.png
92,gastly,92,132,1,1,0,0,0,0,092.png,gastly.png,092Gastly.png
93,haunter,93,133,1,1,0,0,0,0,093.png,haunter.png,093Haunter.png
94,gengar,94,134,1,1,0,0,0,0,094.png,gengar.png,094Gengar.png
95,onix,95,136,1,1,0,0,0,0,095.png,onix.png,095Onix.png
96,drowzee,96,139,1,1,0,0,0,0,096.png,drowzee.png,096Drowzee.png
97,hypno,97,140,1,1,0,0,0,0,097.png,hypno.png,097Hypno.png
98,krabby,98,141,1,1,0,0,0,0,098.png,krabby.png,098Krabby.png
99,kingler,99,142,1,1,0,0,0,0,099.png,kingler.png,099Kingler.png
100,voltorb,100,143,1,1,0,0,0,0,100.png,voltorb.png,100Voltorb.png
101,electrode,101,144,1,1,0,0,0,0,101.png,electrode.png,101Electrode.png
102,exeggcute,102,145,1,1,0,0,0,0,102.png,exeggcute.png,102Exeggcute.png
103,exeggutor,103,146,1,1,0,0,0,0,103.png,exeggutor.png,103Exeggutor.png
104,cubone,104,148,1,1,0,0,0,0,104.png,cubone.png,104Cubone.png
105,marowak,105,149,1,1,0,0,0,0,105.png,marowak.png,105Marowak.png
106,hitmonlee,106,153,1,1,0,0,0,0,106.png,hitmonlee.png,106Hitmonlee.png
107,hitmonchan,107,154,1,1,0,0,0,0,107.png,hitmonchan.png,107Hitmonchan.png
108,lickitung,108,156,1,1,0,0,0,0,108.png,lickitung.png,108Lickitung.png
109,koffing,109,158,1,1,0,0,0,0,109.png,koffing.png,109Koffing.png
110,weezing,110,159,1,1,0,0,0,0,110.png,weezing.png,110Weezing.png
111,rhyhorn,111,160,1,1,0,0,0,0,111.png,rhyhorn.png,111Rhyhorn.png
112,rhydon,112,161,1,1,0,0,0,0,112.png,rhydon.png,112Rhydon.png
113,chansey,113,164,1,1,0,0,0,0,113.png,chansey.png,113Chansey.png
114,tangela,114,166,1,1,0,0,0,0,114.png,tangela.png,114Tangela.png
115,kangaskhan,115,168,1,1,0,0,0,0,115.png,kangaskhan.png,115Kangaskhan.png
116,horsea,116,170,1,1,0,0,0,0,116.png,horsea.png,116Horsea.png
117,seadra,117,171,1,1,0,0,0,0,117.png,seadra.png,117Seadra.png
118,goldeen,118,173,1,1,0,0,0,0,118.png,goldeen.png,118Goldeen.png
119,seaking,119,174,1,1,0,0,0,0,119.png,seaking.png,119Seaking.png
120,staryu,120,175,1,1,0,0,0,0,120.png,staryu.png,120Staryu.png
121,starmie,121,176,1,1,0,0,0,0,121.png,starmie.png,121Starmie.png
122,mr._mime,122,178,1,1,0,0,0,0,122.png,mr-mime.png,122Mr-Mime.png
123,scyther,123,179,1,1,0,0,0,0,123.png,scyther.png,123Scyther.png
124,jynx,124,183,1,1,0,0,0,0,124.png,jynx.png,124Jynx.png
125,electabuzz,125,185,1,1,0,0,0,0,125.png,electabuzz.png,125Electabuzz.png
126,magmar,126,188,1,1,0,0,0,0,126.png,magmar.png,126Magmar.png
127,pinsir,127,190,1,1,0,0,0,0,127.png,pinsir.png,127Pinsir.png
128,tauros,128,192,1,1,0,0,0,0,128.png,tauros.png,128Tauros.png
129,magikarp,129,193,1,1,0,0,0,0,129.png,magikarp.png,129Magikarp.png
130,gyarados,130,194,1,1,0,0,0,0,130.png,gyarados.png,130Gyarados.png
131,lapras,131,196,1,1,0,0,0,0,131.png,lapras.png,131Lapras.png
132,ditto,132,197,1,1,0,0,0,0,132.png,ditto.png,132Ditto.png
133,eevee,133,198,1,1,0,0,0,0,133.png,eevee.png,133Eevee.png
134,vaporeon,134,199,1,1,0,0,0,0,134.png,vaporeon.png,134Vaporeon.png
135,jolteon,135,200,1,1,0,0,0,0,135.png,jolteon.png,135Jolteon.png
136,flareon,136,201,1,1,0,0,0,0,136.png,flareon.png,136Flareon.png
137,porygon,137,207,1,1,0,0,0,0,137.png,porygon.png,137Porygon.png
138,omanyte,138,210,1,1,0,0,0,0,138.png,omanyte.png,138Omanyte.png
139,omastar,139,211,1,1,0,0,0,0,139.png,omastar.png,139Omastar.png
140,kabuto,140,212,1,1,0,0,0,0,140.png,kabuto.png,140Kabuto.png
141,kabutops,141,213,1,1,0,0,0,0,141.png,kabutops.png,141Kabutops.png
142,aerodactyl,142,214,1,1,0,0,0,0,142.png,aerodactyl.png,142Aerodactyl.png
143,snorlax,143,217,1,1,0,0,0,0,143.png,snorlax.png,143Snorlax.png
144,articuno,144,218,1,1,1,0,0,0,144.png,articuno.png,144Articuno.png
145,zapdos,145,219,1,1,1,0,0,0,145.png,zapdos.png,145Zapdos.png
146,moltres,146,220,1,1,1,0,0,0,146.png,moltres.png,146Moltres.png
147,dratini,147,221,1,1,0,0,0,0,147.png,dratini.png,147Dratini.png
148,dragonair,148,222,1,1,0,0,0,0,148.png,dragonair.png,148Dragonair.png
149,dragonite,149,223,1,1,0,0,0,0,149.png,dragonite.png,149Dragonite.png
150,mewtwo,150,224,1,1,1,0,0,0,150.png,mewtwo.png,150Mewtwo.png
151,mew,151,227,1,1,1,0,0,0,151.png,mew.png,151Mew.png
152,chikorita,152,228,2,1,0,0,0,0,152.png,chikorita.png,152Chikorita.png
153,bayleef,153,229,2,1,0,0,0,0,153.png,bayleef.png,153Bayleef.png
154,meganium,154,230,2,1,0,0,0,0,154.png,meganium.png,154Meganium.png
155,cyndaquil,155,231,2,1,0,0,0,0,155.png,cyndaquil.png,155Cyndaquil.png
156,quilava,156,232,2,1,0,0,0,0,156.png,quilava.png,156Quilava.png
157,typhlosion,157,233,2,1,0,0,0,0,157.png,typhlosion.png,157Typhlosion.png
158,totodile,158,234,2,1,0,0,0,0,158.png,totodile.png,158Totodile.png
159,croconaw,159,235,2,1,0,0,0,0,159.png,croconaw.png,159Croconaw.png
160,feraligatr,160,236,2,1,0,0,0,0,160.png,feraligatr.png,160Feraligatr.png
161,sentret,161,237,2,1,0,0,0,0,161.png,sentret.png,161Sentret.png
162,furret,162,238,2,1,0,0,0,0,162.png,furret.png,162Furret.png
163,hoothoot,163,239,2,1,0,0,0,0,163.png,hoothoot.png,163Hoothoot.png
164,noctowl,164,240,2,1,0,0,0,0,164.png,noctowl.png,164Noctowl.png
165,ledyba,165,241,2,1,0,0,0,0,165.png,ledyba.png,165Ledyba.png
166,ledian,166,242,2,1,0,0,0,0,166.png,ledian.png,166Ledian.png
167,spinarak,167,243,2,1,0,0,0,0,167.png,spinarak.png,167Spinarak.png
168,ariados,168,244,2,1,0,0,0,0,168.png,ariados.png,168Ariados.png
169,crobat,169,67,2,1,0,0,0,0,169.png,crobat.png,169Crobat.png
170,chinchou,170,245,2,1,0,0,0,0,170.png,chinchou.png,170Chinchou.png
171,lanturn,171,246,2,1,0,0,0,0,171.png,lanturn.png,171Lanturn.png
172,pichu,172,34,2,1,0,0,0,0,172.png,pichu.png,172Pichu.png
173,cleffa,173,55,2,1,0,0,0,0,173.png,cleffa.png,173Cleffa.png
174,igglybuff,174,62,2,1,0,0,0,0,174.png,igglybuff.png,174Igglybuff.png
175,togepi,175,247,2,1,0,0,0,0,175.png,togepi.png,175Togepi.png
176,togetic,176,248,2,1,0,0,0,0,176.png,togetic.png,176Togetic.png
177,natu,177,250,2,1,0,0,0,0,177.png,natu.png,177Natu.png
178,xatu,178,251,2,1,0,0,0,0,178.png,xatu.png,178Xatu.png
179,mareep,179,252,2,1,0,0,0,0,179.png,mareep.png,179Mareep.png
180,flaaffy,180,253,2,1,0,0,0,0,180.png,flaaffy.png,180Flaaffy.png
181,ampharos,181,254,2,1,0,0,0,0,181.png,ampharos.png,181Ampharos.png
182,bellossom,182,71,2,1,0,0,0,0,182.png,bellossom.png,182Bellossom.png
183,marill,183,257,2,1,0,0,0,0,183.png,marill.png,183Marill.png
184,azumarill,184,258,2,1,0,0,0,0,184.png,azumarill.png,184Azumarill.png
185,sudowoodo,185,260,2,1,0,0,0,0,185.png,sudowoodo.png,185Sudowoodo.png
186,politoed,186,93,2,1,0,0,0,0,186.png,politoed.png,186Politoed.png
187,hoppip,187,261,2,1,0,0,0,0,187.png,hoppip.png,187Hoppip.png
188,skiploom,188,262,2,1,0,0,0,0,188.png,skiploom.png,188Skiploom.png
189,jumpluff,189,263,2,1,0,0,0,0,189.png,jumpluff.png,189Jumpluff.png
190,aipom,190,264,2,1,0,0,0,0,190.png,aipom.png,190Aipom.png
191,sunkern,191,266,2,1,0,0,0,0,191.png,sunkern.png,191Sunkern.png
192,sunflora,192,267,2,1,0,0,0,0,192.png,sunflora.png,192Sunflora.png
193,yanma,193,268,2,1,0,0,0,0,193.png,yanma.png,193Yanma.png
194,wooper,194,270,2,1,0,0,0,0,194.png,wooper.png,194Wooper.png
195,quagsire,195,271,2,1,0,0,0,0,195.png,quagsire.png,195Quagsire.png
196,espeon,196,202,2,1,0,0,0,0,196.png,espeon.png,196Espeon.png
197,umbreon,197,203,2,1,0,0,0,0,197.png,umbreon.png,197Umbreon.png
198,murkrow,198,272,2,1,0,0,0,0,198.png,murkrow.png,198Murkrow.png
199,slowking,199,117,2,1,0,0,0,0,199.png,slowking.png,199Slowking.png
200,misdreavus,200,274,2,1,0,0,0,0,200.png,misdreavus.png,200Misdreavus.png
201,unown,201,276,2,1,0,0,0,0,201.png,unown.png,201Unown.png
202,wobbuffet,202,278,2,1,0,0,0,0,202.png,wobbuffet.png,202Wobbuffet.png
203,girafarig,203,279,2,1,0,0,0,0,203.png,girafarig.png,203Girafarig.png
204,pineco,204,280,2,1,0,0,0,0,204.png,pineco.png,204Pineco.png
205,forretress,205,281,2,1,0,0,0,0,205.png,forretress.png,205Forretress.png
206,dunsparce,206,282,2,1,0,0,0,0,206.png,dunsparce.png,206Dunsparce.png
207,gligar,207,283,2,1,0,0,0,0,207.png,gligar.png,207Gligar.png
208,steelix,208,137,2,1,0,0,0,0,208.png,steelix.png,208Steelix.png
209,snubbull,209,285,2,1,0,0,0,0,209.png,snubbull.png,209Snubbull.png
210,granbull,210,286,2,1,0,0,0,0,210.png,granbull.png,210Granbull.png
211,qwilfish,211,287,2,1,0,0,0,0,211.png,qwilfish.png,211Qwilfish.png
212,scizor,212,180,2,1,0,0,0,0,212.png,scizor.png,212Scizor.png
213,shuckle,213,288,2,1,0,0,0,0,213.png,shuckle.png,213Shuckle.png
214,heracross,214,289,2,1,0,0,0,0,214.png,heracross.png,214Heracross.png
215,sneasel,215,291,2,1,0,0,0,0,215.png,sneasel.png,215Sneasel.png
216,teddiursa,216,293,2,1,0,0,0,0,216.png,teddiursa.png,216Teddiursa.png
217,ursaring,217,294,2,1,0,0,0,0,217.png,ursaring.png,217Ursaring.png
218,slugma,218,295,2,1,0,0,0,0,218.png,slugma.png,218Slugma.png
219,magcargo,219,296,2,1,0,0,0,0,219.png,magcargo.png,219Magcargo.png
220,swinub,220,297,2,1,0,0,0,0,220.png,swinub.png,220Swinub.png
221,piloswine,221,298,2,1,0,0,0,0,221.png,piloswine.png,221Piloswine.png
222,corsola,222,300,2,1,0,0,0,0,222.png,corsola.png,222Corsola.png
223,remoraid,223,301,2,1,0,0,0,0,223.png,remoraid.png,223Remoraid.png
224,octillery,224,302,2,1,0,0,0,0,224.png,octillery.png,224Octillery.png
225,delibird,225,303,2,1,0,0,0,0,225.png,delibird.png,225Delibird.png
226,mantine,226,305,2,1,0,0,0,0,226.png,mantine.png,226Mantine.png
227,skarmory,227,306,2,1,0,0,0,0,227.png,skarmory.png,227Skarmory.png
228,houndour,228,307,2,1,0,0,0,0,228.png,houndour.png,228Houndour.png
229,houndoom,229,308,2,1,0,0,0,0,229.png,houndoom.png,229Houndoom.png
230,kingdra,230,172,2,1,0,0,0,0,230.png,kingdra.png,230Kingdra.png
231,phanpy,231,310,2,1,0,0,0,0,231.png,phanpy.png,231Phanpy.png
232,donphan,232,311,2,1,0,0,0,0,232.png,donphan.png,232Donphan.png
233,porygon2,233,208,2,1,0,0,0,0,233.png,porygon2.png,233Porygon2.png
234,stantler,234,312,2,1,0,0,0,0,234.png,stantler.png,234Stantler.png
235,smeargle,235,313,2,1,0,0,0,0,235.png,smeargle.png,235Smeargle.png
236,tyrogue,236,152,2,1,0,0,0,0,236.png,tyrogue.png,236Tyrogue.png
237,hitmontop,237,155,2,1,0,0,0,0,237.png,hitmontop.png,237Hitmontop.png
238,smoochum,238,182,2,1,0,0,0,0,238.png,smoochum.png,238Smoochum.png
239,elekid,239,184,2,1,0,0,0,0,239.png,elekid.png,239Elekid.png
240,magby,240,187,2,1,0,0,0,0,240.png,magby.png,240Magby.png
241,miltank,241,314,2,1,0,0,0,0,241.png,miltank.png,241Miltank.png
242,blissey,242,165,2,1,0,0,0,0,242.png,blissey.png,242Blissey.png
243,raikou,243,315,2,1,1,0,0,0,243.png,raikou.png,243Raikou.png
244,entei,244,316,2,1,1,0,0,0,244.png,entei.png,244Entei.png
245,suicune,245,317,2,1,1,0,0,0,245.png,suicune.png,245Suicune.png
246,larvitar,246,318,2,1,0,0,0,0,246.png,larvitar.png,246Larvitar.png
247,pupitar,247,319,2,1,0,0,0,0,247.png,pupitar.png,247Pupitar.png
248,tyranitar,248,320,2,1,0,0,0,0,248.png,tyranitar.png,248Tyranitar.png
249,lugia,249,322,2,1,1,0,0,0,249.png,lugia.png,249Lugia.png
250,ho-oh,250,323,2,1,1,0,0,0,250.png,ho-oh.png,250Ho-Oh.png
251,celebi,251,324,2,1,1,0,0,0,251.png,celebi.png,251Celebi.png
252,treecko,252,325,3,1,0,0,0,0,252.png,treecko.png,252Treecko.png
253,grovyle,253,326,3,1,0,0,0,0,253.png,grovyle.png,253Grovyle.png
254,sceptile,254,327,3,1,0,0,0,0,254.png,sceptile.png,254Sceptile.png
255,torchic,255,329,3,1,0,0,0,0,255.png,torchic.png,255Torchic.png
256,combusken,256,330,3,1,0,0,0,0,256.png,combusken.png,256Combusken.png
257,blaziken,257,331,3,1,0,0,0,0,257.png,blaziken.png,257Blaziken.png
258,mudkip,258,333,3,1,0,0,0,0,258.png,mudkip.png,258Mudkip.png
259,marshtomp,259,334,3,1,0,0,0,0,259.png,marshtomp.png,259Marshtomp.png
260,swampert,260,335,3,1,0,0,0,0,260.png,swampert.png,260Swampert.png
261,poochyena,261,337,3,1,0,0,0,0,261.png,poochyena.png,261Poochyena.png
262,mightyena,262,338,3,1,0,0,0,0,262.png,mightyena.png,262Mightyena.png
263,zigzagoon,263,339,3,1,0,0,0,0,263.png,zigzagoon.png,263Zigzagoon.png
264,linoone,264,340,3,1,0,0,0,0,264.png,linoone.png,264Linoone.png
265,wurmple,265,341,3,1,0,0,0,0,265.png,wurmple.png,265Wurmple.png
266,silcoon,266,342,3,1,0,0,0,0,266.png,silcoon.png,266Silcoon.png
267,beautifly,267,343,3,1,0,0,0,0,267.png,beautifly.png,267Beautifly.png
268,cascoon,268,344,3,1,0,0,0,0,268.png,cascoon.png,268Cascoon.png
269,dustox,269,345,3,1,0,0,0,0,269.png,dustox.png,269Dustox.png
270,lotad,270,346,3,1,0,0,0,0,270.png,lotad.png,270Lotad.png
271,lombre,271,347,3,1,0,0,0,0,271.png,lombre.png,271Lombre.png
272,ludicolo,272,348,3,1,0,0,0,0,272.png,ludicolo.png,272Ludicolo.png
273,seedot,273,349,3,1,0,0,0,0,273.png,seedot.png,273Seedot.png
274,nuzleaf,274,350,3,1,0,0,0,0,274.png,nuzleaf.png,274Nuzleaf.png
275,shiftry,275,351,3,1,0,0,0,0,275.png,shiftry.png,275Shiftry.png
276,taillow,276,352,3,1,0,0,0,0,276.png,taillow.png,276Taillow.png
277,swellow,277,353,3,1,0,0,0,0,277.png,swellow.png,277Swellow.png
278,wingull,278,354,3,1,0,0,0,0,278.png,wingull.png,278Wingull.png
279,pelipper,279,355,3,1,0,0,0,0,279.png,pelipper.png,279Pelipper.png
280,ralts,280,356,3,1,0,0,0,0,280.png,ralts.png,280Ralts.png
281,kirlia,281,357,3,1,0,0,0,0,281.png,kirlia.png,281Kirlia.png
282,gardevoir,282,358,3,1,0,0,0,0,282.png,gardevoir.png,282Gardevoir.png
283,surskit,283,362,3,1,0,0,0,0,283.png,surskit.png,283Surskit.png
284,masquerain,284,363,3,1,0,0,0,0,284.png,masquerain.png,284Masquerain.png
285,shroomish,285,364,3,1,0,0,0,0,285.png,shroomish.png,285Shroomish.png
286,breloom,286,365,3,1,0,0,0,0,286.png,breloom.png,286Breloom.png
287,slakoth,287,366,3,1,0,0,0,0,287.png,slakoth.png,287Slakoth.png
288,vigoroth,288,367,3,1,0,0,0,0,288.png,vigoroth.png,288Vigoroth.png
289,slaking,289,368,3,1,0,0,0,0,289.png,slaking.png,289Slaking.png
290,nincada,290,369,3,1,0,0,0,0,290.png,nincada.png,290Nincada.png
291,ninjask,291,370,3,1,0,0,0,0,291.png,ninjask.png,291Ninjask.png
292,shedinja,292,371,3,1,0,0,0,0,292.png,shedinja.png,292Shedinja.png
293,whismur,293,372,3,1,0,0,0,0,293.png,whismur.png,293Whismur.png
294,loudred,294,373,3,1,0,0,0,0,294.png,loudred.png,294Loudred.png
295,exploud,295,374,3,1,0,0,0,0,295.png,exploud.png,295Exploud.png
296,makuhita,296,375,3,1,0,0,0,0,296.png,makuhita.png,296Makuhita.png
297,hariyama,297,376,3,1,0,0,0,0,297.png,hariyama.png,297Hariyama.png
298,azurill,298,256,3,1,0,0,0,0,298.png,azurill.png,298Azurill.png
299,nosepass,299,377,3,1,0,0,0,0,299.png,nosepass.png,299Nosepass.png
300,skitty,300,379,3,1,0,0,0,0,300.png,skitty.png,300Skitty.png
301,delcatty,301,380,3,1,0,0,0,0,301.png,delcatty.png,301Delcatty.png
302,sableye,302,381,3,1,0,0,0,0,302.png,sableye.png,302Sableye.png
303,mawile,303,383,3,1,0,0,0,0,303.png,mawile.png,303Mawile.png
304,aron,304,385,3,1,0,0,0,0,304.png,aron.png,304Aron.png
305,lairon,305,386,3,1,0,0,0,0,305.png,lairon.png,305Lairon.png
306,aggron,306,387,3,1,0,0,0,0,306.png,aggron.png,306Aggron.png
307,meditite,307,389,3,1,0,0,0,0,307.png,meditite.png,307Meditite.png
308,medicham,308,390,3,1,0,0,0,0,308.png,medicham.png,308Medicham.png
309,electrike,309,392,3,1,0,0,0,0,309.png,electrike.png,309Electrike.png
310,manectric,310,393,3,1,0,0,0,0,310.png,manectric.png,310Manectric.png
311,plusle,311,395,3,1,0,0,0,0,311.png,plusle.png,311Plusle.png
312,minun,312,396,3,1,0,0,0,0,312.png,minun.png,312Minun.png
313,volbeat,313,397,3,1,0,0,0,0,313.png,volbeat.png,313Volbeat.png
314,illumise,314,398,3,1,0,0,0,0,314.png,illumise.png,314Illumise.png
315,roselia,315,400,3,1,0,0,0,0,315.png,roselia.png,315Roselia.png
316,gulpin,316,402,3,1,0,0,0,0,316.png,gulpin.png,316Gulpin.png
317,swalot,317,403,3,1,0,0,0,0,317.png,swalot.png,317Swalot.png
318,carvanha,318,404,3,1,0,0,0,0,318.png,carvanha.png,318Carvanha.png
319,sharpedo,319,405,3,1,0,0,0,0,319.png,sharpedo.png,319Sharpedo.png
320,wailmer,320,407,3,1,0,0,0,0,320.png,wailmer.png,320Wailmer.png
321,wailord,321,408,3,1,0,0,0,0,321.png,wailord.png,321Wailord.png
322,numel,322,409,3,1,0,0,0,0,322.png,numel.png,322Numel.png
323,camerupt,323,410,3,1,0,0,0,0,323.png,camerupt.png,323Camerupt.png
324,torkoal,324,412,3,1,0,0,0,0,324.png,torkoal.png,324Torkoal.png
325,spoink,325,413,3,1,0,0,0,0,325.png,spoink.png,325Spoink.png
326,grumpig,326,414,3,1,0,0,0,0,326.png,grumpig.png,326Grumpig.png
327,spinda,327,415,3,1,0,0,0,0,327.png,spinda.png,327Spinda.png
328,trapinch,328,416,3,1,0,0,0,0,328.png,trapinch.png,328Trapinch.png
329,vibrava,329,417,3,1,0,0,0,0,329.png,vibrava.png,329Vibrava.png
330,flygon,330,418,3,1,0,0,0,0,330.png,flygon.png,330Flygon.png
331,cacnea,331,419,3,1,0,0,0,0,331.png,cacnea.png,331Cacnea.png
332,cacturne,332,420,3,1,0,0,0,0,332.png,cacturne.png,332Cacturne.png
333,swablu,333,421,3,1,0,0,0,0,333.png,swablu.png,333Swablu.png
334,altaria,334,422,3,1,0,0,0,0,334.png,altaria.png,334Altaria.png
335,zangoose,335,424,3,1,0,0,0,0,335.png,zangoose.png,335Zangoose.png
336,seviper,336,425,3,1,0,0,0,0,336.png,seviper.png,336Seviper.png
337,lunatone,337,426,3,1,0,0,0,0,337.png,lunatone.png,337Lunatone.png
338,solrock,338,427,3,1,0,0,0,0,338.png,solrock.png,338Solrock.png
339,barboach,339,428,3,1,0,0,0,0,339.png,barboach.png,339Barboach.png
340,whiscash,340,429,3,1,0,0,0,0,340.png,whiscash.png,340Whiscash.png
341,corphish,341,430,3,1,0,0,0,0,341.png,corphish.png,341Corphish.png
342,crawdaunt,342,431,3,1,0,0,0,0,342.png,crawdaunt.png,342Crawdaunt.png
343,baltoy,343,432,3,1,0,0,0,0,343.png,baltoy.png,343Baltoy.png
344,claydol,344,433,3,1,0,0,0,0,344.png,claydol.png,344Claydol.png
345,lileep,345,434,3,1,0,0,0,0,345.png,lileep.png,345Lileep.png
346,cradily,346,435,3,1,0,0,0,0,346.png,cradily.png,346Cradily.png
347,anorith,347,436,3,1,0,0,0,0,347.png,anorith.png,347Anorith.png
348,armaldo,348,437,3,1,0,0,0,0,348.png,armaldo.png,348Armaldo.png
349,feebas,349,438,3,1,0,0,0,0,349.png,feebas.png,349Feebas.png
350,milotic,350,439,3,1,0,0,0,0,350.png,milotic.png,350Milotic.png
351,castform,351,440,3,1,0,0,0,0,351.png,castform.png,351Castform.png
352,kecleon,352,444,3,1,0,0,0,0,352.png,kecleon.png,352Kecleon.png
353,shuppet,353,445,3,1,0,0,0,0,353.png,shuppet.png,353Shuppet.png
354,banette,354,446,3,1,0,0,0,0,354.png,banette.png,354Banette.png
355,duskull,355,448,3,1,0,0,0,0,355.png,duskull.png,355Duskull.png
356,dusclops,356,449,3,1,0,0,0,0,356.png,dusclops.png,356Dusclops.png
357,tropius,357,451,3,1,0,0,0,0,357.png,tropius.png,357Tropius.png
358,chimecho,358,453,3,1,0,0,0,0,358.png,chimecho.png,358Chimecho.png
359,absol,359,454,3,1,0,0,0,0,359.png,absol.png,359Absol.png
360,wynaut,360,277,3,1,0,0,0,0,360.png,wynaut.png,360Wynaut.png
361,snorunt,361,456,3,1,0,0,0,0,361.png,snorunt.png,361Snorunt.png
362,glalie,362,457,3,1,0,0,0,0,362.png,glalie.png,362Glalie.png
363,spheal,363,460,3,1,0,0,0,0,363.png,spheal.png,363Spheal.png
364,sealeo,364,461,3,1,0,0,0,0,364.png,sealeo.png,364Sealeo.png
365,walrein,365,462,3,1,0,0,0,0,365.png,walrein.png,365Walrein.png
366,clamperl,366,463,3,1,0,0,0,0,366.png,clamperl.png,366Clamperl.png
367,huntail,367,464,3,1,0,0,0,0,367.png,huntail.png,367Huntail.png
368,gorebyss,368,465,3,1,0,0,0,0,368.png,gorebyss.png,368Gorebyss.png
369,relicanth,369,466,3,1,0,0,0,0,369.png,relicanth.png,369Relicanth.png
370,luvdisc,370,467,3,1,0,0,0,0,370.png,luvdisc.png,370Luvdisc.png
371,bagon,371,468,3,1,0,0,0,0,371.png,bagon.png,371Bagon.png
372,shelgon,372,469,3,1,0,0,0,0,372.png,shelgon.png,372Shelgon.png
373,salamence,373,470,3,1,0,0,0,0,373.png,salamence.png,373Salamence.png
374,beldum,374,472,3,1,0,0,0,0,374.png,beldum.png,374Beldum.png
375,metang,375,473,3,1,0,0,0,0,375.png,metang.png,375Metang.png
376,metagross,376,474,3,1,0,0,0,0,376.png,metagross.png,376Metagross.png
377,regirock,377,476,3,1,1,0,0,0,377.png,regirock.png,377Regirock.png
378,regice,378,477,3,1,1,0,0,0,378.png,regice.png,378Regice.png
379,registeel,379,478,3,1,1,0,0,0,379.png,registeel.png,379Registeel.png
380,latias,380,479,3,1,1,0,0,0,380.png,latias.png,380Latias.png
381,latios,381,481,3,1,1,0,0,0,381.png,latios.png,381Latios.png
382,kyogre,382,483,3,1,1,0,0,0,382.png,kyogre.png,382Kyogre.png
383,groudon,383,485,3,1,1,0,0,0,383.png,groudon.png,383Groudon.png
384,rayquaza,384,487,3,1,1,0,0,0,384.png,rayquaza.png,384Rayquaza.png
385,jirachi,385,489,3,1,1,0,0,0,385.png,jirachi.png,385Jirachi.png
386,deoxys,386,490,3,1,1,0,0,1,386-normal.png,deoxys-normal.png,386Deoxys-Normal.png
387,turtwig,387,494,4,1,0,0,0,0,387.png,turtwig.png,387Turtwig.png
388,grotle,388,495,4,1,0,0,0,0,388.png,grotle.png,388Grotle.png
389,torterra,389,496,4,1,0,0,0,0,389.png,torterra.png,389Torterra.png
390,chimchar,390,497,4,1,0,0,0,0,390.png,chimchar.png,390Chimchar.png
391,monferno,391,498,4,1,0,0,0,0,391.png,monferno.png,391Monferno.png
392,infernape,392,499,4,1,0,0,0,0,392.png,infernape.png,392Infernape.png
393,piplup,393,500,4,1,0,0,0,0,393.png,piplup.png,393Piplup.png
394,prinplup,394,501,4,1,0,0,0,0,394.png,prinplup.png,394Prinplup.png
395,empoleon,395,502,4,1,0,0,0,0,395.png,empoleon.png,395Empoleon.png
396,starly,396,503,4,1,0,0,0,0,396.png,starly.png,396Starly.png
397,staravia,397,504,4,1,0,0,0,0,397.png,staravia.png,397Staravia.png
398,staraptor,398,505,4,1,0,0,0,0,398.png,staraptor.png,398Staraptor.png
399,bidoof,399,506,4,1,0,0,0,0,399.png,bidoof.png,399Bidoof.png
400,bibarel,400,507,4,1,0,0,0,0,400.png,bibarel.png,400Bibarel.png
401,kricketot,401,508,4,1,0,0,0,0,401.png,kricketot.png,401Kricketot.png
402,kricketune,402,509,4,1,0,0,0,0,402.png,kricketune.png,402Kricketune.png
403,shinx,403,510,4,1,0,0,0,0,403.png,shinx.png,403Shinx.png
404,luxio,404,511,4,1,0,0,0,0,404.png,luxio.png,404Luxio.png
405,luxray,405,512,4,1,0,0,0,0,405.png,luxray.png,405Luxray.png
406,budew,406,399,4,1,0,0,0,0,406.png,budew.png,406Budew.png
407,roserade,407,401,4,1,0,0,0,0,407.png,roserade.png,407Roserade.png
408,cranidos,408,513,4,1,0,0,0,0,408.png,cranidos.png,408Cranidos.png
409,rampardos,409,514,4,1,0,0,0,0,409.png,rampardos.png,409Rampardos.png
410,shieldon,410,515,4,1,0,0,0,0,410.png,shieldon.png,410Shieldon.png
411,bastiodon,411,516,4,1,0,0,0,0,411.png,bastiodon.png,411Bastiodon.png
412,burmy,412,517,4,1,0,0,0,0,412.png,burmy.png,412Burmy.png
413,wormadam,413,518,4,1,0,0,0,1,413.png,wormadam.png,413Wormadam.png
414,mothim,414,521,4,1,0,0,0,0,414.png,mothim.png,414Mothim.png
415,combee,415,522,4,1,0,0,0,0,415.png,combee.png,415Combee.png
416,vespiquen,416,523,4,1,0,0,0,0,416.png,vespiquen.png,416Vespiquen.png
417,pachirisu,417,524,4,1,0,0,0,0,417.png,pachirisu.png,417Pachirisu.png
418,buizel,418,525,4,1,0,0,0,0,418.png,buizel.png,418Buizel.png
419,floatzel,419,526,4,1,0,0,0,0,419.png,floatzel.png,419Floatzel.png
420,cherubi,420,527,4,1,0,0,0,0,420.png,cherubi.png,420Cherubi.png
421,cherrim,421,528,4,1,0,0,0,0,421.png,cherrim.png,421Cherrim.png
422,shellos,422,529,4,1,0,0,0,0,422.png,shellos.png,422Shellos.png
423,gastrodon,423,530,4,1,0,0,0,0,423.png,gastrodon.png,423Gastrodon.png
424,ambipom,424,265,4,1,0,0,0,0,424.png,ambipom.png,424Ambipom.png
425,drifloon,425,531,4,1,0,0,0,0,425.png,drifloon.png,425Drifloon.png
426,drifblim,426,532,4,1,0,0,0,0,426.png,drifblim.png,426Drifblim.png
427,buneary,427,533,4,1,0,0,0,0,427.png,buneary.png,427Buneary.png
428,lopunny,428,534,4,1,0,0,0,0,428.png,lopunny.png,428Lopunny.png
429,mismagius,429,275,4,1,0,0,0,0,429.png,mismagius.png,429Mismagius.png
430,honchkrow,430,273,4,1,0,0,0,0,430.png,honchkrow.png,430Honchkrow.png
431,glameow,431,536,4,1,0,0,0,0,431.png,glameow.png,431Glameow.png
432,purugly,432,537,4,1,0,0,0,0,432.png,purugly.png,432Purugly.png
433,chingling,433,452,4,1,0,0,0,0,433.png,chingling.png,433Chingling.png
434,stunky,434,538,4,1,0,0,0,0,434.png,stunky.png,434Stunky.png
435,skuntank,435,539,4,1,0,0,0,0,435.png,skuntank.png,435Skuntank.png
436,bronzor,436,540,4,1,0,0,0,0,436.png,bronzor.png,436Bronzor.png
437,bronzong,437,541,4,1,0,0,0,0,437.png,bronzong.png,437Bronzong.png
438,bonsly,438,259,4,1,0,0,0,0,438.png,bonsly.png,438Bonsly.png
439,mime_jr,439,177,4,1,0,0,0,0,439.png,mime-jr.png,439Mime-Jr.png
440,happiny,440,163,4,1,0,0,0,0,440.png,happiny.png,440Happiny.png
441,chatot,441,542,4,1,0,0,0,0,441.png,chatot.png,441Chatot.png
442,spiritomb,442,543,4,1,0,0,0,0,442.png,spiritomb.png,442Spiritomb.png
443,gible,443,544,4,1,0,0,0,0,443.png,gible.png,443Gible.png
444,gabite,444,545,4,1,0,0,0,0,444.png,gabite.png,444Gabite.png
445,garchomp,445,546,4,1,0,0,0,0,445.png,garchomp.png,445Garchomp.png
446,munchlax,446,216,4,1,0,0,0,0,446.png,munchlax.png,446Munchlax.png
447,riolu,447,548,4,1,0,0,0,0,447.png,riolu.png,447Riolu.png
448,lucario,448,549,4,1,0,0,0,0,448.png,lucario.png,448Lucario.png
449,hippopotas,449,551,4,1,0,0,0,0,449.png,hippopotas.png,449Hippopotas.png
450,hippowdon,450,552,4,1,0,0,0,0,450.png,hippowdon.png,450Hippowdon.png
451,skorupi,451,553,4,1,0,0,0,0,451.png,skorupi.png,451Skorupi.png
452,drapion,452,554,4,1,0,0,0,0,452.png,drapion.png,452Drapion.png
453,croagunk,453,555,4,1,0,0,0,0,453.png,croagunk.png,453Croagunk.png
454,toxicroak,454,556,4,1,0,0,0,0,454.png,toxicroak.png,454Toxicroak.png
455,carnivine,455,557,4,1,0,0,0,0,455.png,carnivine.png,455Carnivine.png
456,finneon,456,558,4,1,0,0,0,0,456.png,finneon.png,456Finneon.png
457,lumineon,457,559,4,1,0,0,0,0,457.png,lumineon.png,457Lumineon.png
458,mantyke,458,304,4,1,0,0,0,0,458.png,mantyke.png,458Mantyke.png
459,snover,459,560,4,1,0,0,0,0,459.png,snover.png,459Snover.png
460,abomasnow,460,561,4,1,0,0,0,0,460.png,abomasnow.png,460Abomasnow.png
461,weavile,461,292,4,1,0,0,0,0,461.png,weavile.png,461Weavile.png
462,magnezone,462,120,4,1,0,0,0,0,462.png,magnezone.png,462Magnezone.png
463,lickilicky,463,157,4,1,0,0,0,0,463.png,lickilicky.png,463Lickilicky.png
464,rhyperior,464,162,4,1,0,0,0,0,464.png,rhyperior.png,464Rhyperior.png
465,tangrowth,465,167,4,1,0,0,0,0,465.png,tangrowth.png,465Tangrowth.png
466,electivire,466,186,4,1,0,0,0,0,466.png,electivire.png,466Electivire.png
467,magmortar,467,189,4,1,0,0,0,0,467.png,magmortar.png,467Magmortar.png
468,togekiss,468,249,4,1,0,0,0,0,468.png,togekiss.png,468Togekiss.png
469,yanmega,469,269,4,1,0,0,0,0,469.png,yanmega.png,469Yanmega.png
470,leafeon,470,204,4,1,0,0,0,0,470.png,leafeon.png,470Leafeon.png
471,glaceon,471,205,4,1,0,0,0,0,471.png,glaceon.png,471Glaceon.png
472,gliscor,472,284,4,1,0,0,0,0,472.png,gliscor.png,472Gliscor.png
473,mamoswine,473,299,4,1,0,0,0,0,473.png,mamoswine.png,473Mamoswine.png
474,porygon-z,474,209,4,1,0,0,0,0,474.png,porygon-z.png,474Porygon-Z.png
475,gallade,475,360,4,1,0,0,0,0,475.png,gallade.png,475Gallade.png
476,probopass,476,378,4,1,0,0,0,0,476.png,probopass.png,476Probopass.png
477,dusknoir,477,450,4,1,0,0,0,0,477.png,dusknoir.png,477Dusknoir.png
478,froslass,478,459,4,1,0,0,0,0,478.png,froslass.png,478Froslass.png
479,rotom,479,563,4,1,0,0,0,0,479.png,rotom.png,479Rotom.png
480,uxie,480,569,4,1,1,0,0,0,480.png,uxie.png,480Uxie.png
481,mesprit,481,570,4,1,1,0,0,0,481.png,mesprit.png,481Mesprit.png
482,azelf,482,571,4,1,1,0,0,0,482.png,azelf.png,482Azelf.png
483,dialga,483,572,4,1,1,0,0,0,483.png,dialga.png,483Dialga.png
484,palkia,484,573,4,1,1,0,0,0,484.png,palkia.png,484Palkia.png
485,heatran,485,574,4,1,1,0,0,0,485.png,heatran.png,485Heatran.png
486,regigigas,486,575,4,1,1,0,0,0,486.png,regigigas.png,486Regigigas.png
487,giratina,487,576,4,1,1,0,0,1,487-altered.png,giratina-altered.png,487Giratina-Altered.png
488,cresselia,488,578,4,1,1,0,0,0,488.png,cresselia.png,488Cresselia.png
489,phione,489,579,4,1,1,0,0,0,489.png,phione.png,489Phione.png
490,manaphy,490,580,4,1,1,0,0,0,490.png,manaphy.png,490Manaphy.png
491,darkrai,491,581,4,1,1,0,0,0,491.png,darkrai.png,491Darkrai.png
492,shaymin,492,582,4,1,1,0,0,1,492-land.png,shaymin-land.png,492Shaymin-Land.png
493,arceus,493,584,4,1,1,0,0,0,493.png,arceus.png,493Arceus.png
494,victini,494,585,5,1,1,0,0,0,494.png,victini.png,494Victini.png
495,snivy,495,586,5,1,0,0,0,0,495.png,snivy.png,495Snivy.png
496,servine,496,587,5,1,0,0,0,0,496.png,servine.png,496Servine.png
497,serperior,497,588,5,1,0,0,0,0,497.png,serperior.png,497Serperior.png
498,tepig,498,589,5,1,0,0,0,0,498.png,tepig.png,498Tepig.png
499,pignite,499,590,5,1,0,0,0,0,499.png,pignite.png,499Pignite.png
500,emboar,500,591,5,1,0,0,0,0,500.png,emboar.png,500Emboar.png
501,oshawott,501,592,5,1,0,0,0,0,501.png,oshawott.png,501Oshawott.png
502,dewott,502,593,5,1,0,0,0,0,502.png,dewott.png,502Dewott.png
503,samurott,503,594,5,1,0,0,0,0,503.png,samurott.png,503Samurott.png
504,patrat,504,595,5,1,0,0,0,0,504.png,patrat.png,504Patrat.png
505,watchog,505,596,5,1,0,0,0,0,505.png,watchog.png,505Watchog.png
506,lillipup,506,597,5,1,0,0,0,0,506.png,lillipup.png,506Lillipup.png
507,herdier,507,598,5,1,0,0,0,0,507.png,herdier.png,507Herdier.png
508,stoutland,508,599,5,1,0,0,0,0,508.png,stoutland.png,508Stoutland.png
509,purrloin,509,600,5,1,0,0,0,0,509.png,purrloin.png,509Purrloin.png
510,liepard,510,601,5,1,0,0,0,0,510.png,liepard.png,510Liepard.png
511,pansage,511,602,5,1,0,0,0,0,511.png,pansage.png,511Pansage.png
512,simisage,512,603,5,1,0,0,0,0,512.png,simisage.png,512Simisage.png
513,pansear,513,604,5,1,0,0,0,0,513.png,pansear.png,513Pansear.png
514,simisear,514,605,5,1,0,0,0,0,514.png,simisear.png,514Simisear.png
515,panpour,515,606,5,1,0,0,0,0,515.png,panpour.png,515Panpour.png
516,simipour,516,607,5,1,0,0,0,0,516.png,simipour.png,516Simipour.png
517,munna,517,608,5,1,0,0,0,0,517.png,munna.png,517Munna.png
518,musharna,518,609,5,1,0,0,0,0,518.png,musharna.png,518Musharna.png
519,pidove,519,610,5,1,0,0,0,0,519.png,pidove.png,519Pidove.png
520,tranquill,520,611,5,1,0,0,0,0,520.png,tranquill.png,520Tranquill.png
521,unfezant,521,612,5,1,0,0,0,0,521.png,unfezant.png,521Unfezant.png
522,blitzle,522,613,5,1,0,0,0,0,522.png,blitzle.png,522Blitzle.png
523,zebstrika,523,614,5,1,0,0,0,0,523.png,zebstrika.png,523Zebstrika.png
524,roggenrola,524,615,5,1,0,0,0,0,524.png,roggenrola.png,524Roggenrola.png
525,boldore,525,616,5,1,0,0,0,0,525.png,boldore.png,525Boldore.png
526,gigalith,526,617,5,1,0,0,0,0,526.png,gigalith.png,526Gigalith.png
527,woobat,527,618,5,1,0,0,0,0,527.png,woobat.png,527Woobat.png
528,swoobat,528,619,5,1,0,0,0,0,528.png,swoobat.png,528Swoobat.png
529,drilbur,529,620,5,1,0,0,0,0,529.png,drilbur.png,529Drilbur.png
530,excadrill,530,621,5,1,0,0,0,0,530.png,excadrill.png,530Excadrill.png
531,audino,531,622,5,1,0,0,0,0,531.png,audino.png,531Audino.png
532,timburr,532,624,5,1,0,0,0,0,532.png,timburr.png,532Timburr.png
533,gurdurr,533,625,5,1,0,0,0,0,533.png,gurdurr.png,533Gurdurr.png
534,conkeldurr,534,626,5,1,0,0,0,0,534.png,conkeldurr.png,534Conkeldurr.png
535,tympole,535,627,5,1,0,0,0,0,535.png,tympole.png,535Tympole.png
536,palpitoad,536,628,5,1,0,0,0,0,536.png,palpitoad.png,536Palpitoad.png
537,seismitoad,537,629,5,1,0,0,0,0,537.png,seismitoad.png,537Seismitoad.png
538,throh,538,630,5,1,0,0,0,0,538.png,throh.png,538Throh.png
539,sawk,539,631,5,1,0,0,0,0,539.png,sawk.png,539Sawk.png
540,sewaddle,540,632,5,1,0,0,0,0,540.png,sewaddle.png,540Sewaddle.png
541,swadloon,541,633,5,1,0,0,0,0,541.png,swadloon.png,541Swadloon.png
542,leavanny,542,634,5,1,0,0,0,0,542.png,leavanny.png,542Leavanny.png
543,venipede,543,635,5,1,0,0,0,0,543.png,venipede.png,543Venipede.png
544,whirlipede,544,636,5,1,0,0,0,0,544.png,whirlipede.png,544Whirlipede.png
545,scolipede,545,637,5,1,0,0,0,0,545.png,scolipede.png,545Scolipede.png
546,cottonee,546,638,5,1,0,0,0,0,546.png,cottonee.png,546Cottonee.png
547,whimsicott,547,639,5,1,0,0,0,0,547.png,whimsicott.png,547Whimsicott.png
548,petilil,548,640,5,1,0,0,0,0,548.png,petilil.png,548Petilil.png
549,lilligant,549,641,5,1,0,0,0,0,549.png,lilligant.png,549Lilligant.png
550,basculin,550,642,5,1,0,0,0,1,550.png,basculin.png,550Basculin.png
551,sandile,551,644,5,1,0,0,0,0,551.png,sandile.png,551Sandile.png
552,krokorok,552,645,5,1,0,0,0,0,552.png,krokorok.png,552Krokorok.png
553,krookodile,553,646,5,1,0,0,0,0,553.png,krookodile.png,553Krookodile.png
554,darumaka,554,647,5,1,0,0,0,0,554.png,darumaka.png,554Darumaka.png
555,darmanitan,555,648,5,1,0,0,0,1,555-standard.png,darmanitan-standard.png,555Darmanitan-Standard.png
556,maractus,556,650,5,1,0,0,0,0,556.png,maractus.png,556Maractus.png
557,dwebble,557,651,5,1,0,0,0,0,557.png,dwebble.png,557Dwebble.png
558,crustle,558,652,5,1,0,0,0,0,558.png,crustle.png,558Crustle.png
559,scraggy,559,653,5,1,0,0,0,0,559.png,scraggy.png,559Scraggy.png
560,scrafty,560,654,5,1,0,0,0,0,560.png,scrafty.png,560Scrafty.png
561,sigilyph,561,655,5,1,0,0,0,0,561.png,sigilyph.png,561Sigilyph.png
562,yamask,562,656,5,1,0,0,0,0,562.png,yamask.png,562Yamask.png
563,cofagrigus,563,657,5,1,0,0,0,0,563.png,cofagrigus.png,563Cofagrigus.png
564,tirtouga,564,658,5,1,0,0,0,0,564.png,tirtouga.png,564Tirtouga.png
565,carracosta,565,659,5,1,0,0,0,0,565.png,carracosta.png,565Carracosta.png
566,archen,566,660,5,1,0,0,0,0,566.png,archen.png,566Archen.png
567,archeops,567,661,5,1,0,0,0,0,567.png,archeops.png,567Archeops.png
568,trubbish,568,662,5,1,0,0,0,0,568.png,trubbish.png,568Trubbish.png
569,garbodor,569,663,5,1,0,0,0,0,569.png,garbodor.png,569Garbodor.png
570,zorua,570,664,5,1,0,0,0,0,570.png,zorua.png,570Zorua.png
571,zoroark,571,665,5,1,0,0,0,0,571.png,zoroark.png,571Zoroark.png
572,minccino,572,666,5,1,0,0,0,0,572.png,minccino.png,572Minccino.png
573,cinccino,573,667,5,1,0,0,0,0,573.png,cinccino.png,573Cinccino.png
574,gothita,574,668,5,1,0,0,0,0,574.png,gothita.png,574Gothita.png
575,gothorita,575,669,5,1,0,0,0,0,575.png,gothorita.png,575Gothorita.png
576,gothitelle,576,670,5,1,0,0,0,0,576.png,gothitelle.png,576Gothitelle.png
577,solosis,577,671,5,1,0,0,0,0,577.png,solosis.png,577Solosis.png
578,duosion,578,672,5,1,0,0,0,0,578.png,duosion.png,578Duosion.png
579,reuniclus,579,673,5,1,0,0,0,0,579.png,reuniclus.png,579Reuniclus.png
580,ducklett,580,674,5,1,0,0,0,0,580.png,ducklett.png,580Ducklett.png
581,swanna,581,675,5,1,0,0,0,0,581.png,swanna.png,581Swanna.png
582,vanillite,582,676,5,1,0,0,0,0,582.png,vanillite.png,582Vanillite.png
583,vanillish,583,677,5,1,0,0,0,0,583.png,vanillish.png,583Vanillish.png
584,vanilluxe,584,678,5,1,0,0,0,0,584.png,vanilluxe.png,584Vanilluxe.png
585,deerling,585,679,5,1,0,0,0,0,585.png,deerling.png,585Deerling.png
586,sawsbuck,586,680,5,1,0,0,0,0,586.png,sawsbuck.png,586Sawsbuck.png
587,emolga,587,681,5,1,0,0,0,0,587.png,emolga.png,587Emolga.png
588,karrablast,588,682,5,1,0,0,0,0,588.png,karrablast.png,588Karrablast.png
589,escavalier,589,683,5,1,0,0,0,0,589.png,escavalier.png,589Escavalier.png
590,foongus,590,684,5,1,0,0,0,0,590.png,foongus.png,590Foongus.png
591,amoonguss,591,685,5,1,0,0,0,0,591.png,amoonguss.png,591Amoonguss.png
592,frillish,592,686,5,1,0,0,0,0,592.png,frillish.png,592Frillish.png
593,jellicent,593,687,5,1,0,0,0,0,593.png,jellicent.png,593Jellicent.png
594,alomomola,594,688,5,1,0,0,0,0,594.png,alomomola.png,594Alomomola.png
595,joltik,595,689,5,1,0,0,0,0,595.png,joltik.png,595Joltik.png
596,galvantula,596,690,5,1,0,0,0,0,596.png,galvantula.png,596Galvantula.png
597,ferroseed,597,691,5,1,0,0,0,0,597.png,ferroseed.png,597Ferroseed.png
598,ferrothorn,598,692,5,1,0,0,0,0,598.png,ferrothorn.png,598Ferrothorn.png
599,klink,599,693,5,1,0,0,0,0,599.png,klink.png,599Klink.png
600,klang,600,694,5,1,0,0,0,0,600.png,klang.png,600Klang.png
601,klinklang,601,695,5,1,0,0,0,0,601.png,klinklang.png,601Klinklang.png
602,tynamo,602,696,5,1,0,0,0,0,602.png,tynamo.png,602Tynamo.png
603,eelektrik,603,697,5,1,0,0,0,0,603.png,eelektrik.png,603Eelektrik.png
604,eelektross,604,698,5,1,0,0,0,0,604.png,eelektross.png,604Eelektross.png
605,elgyem,605,699,5,1,0,0,0,0,605.png,elgyem.png,605Elgyem.png
606,beheeyem,606,700,5,1,0,0,0,0,606.png,beheeyem.png,606Beheeyem.png
607,litwick,607,701,5,1,0,0,0,0,607.png,litwick.png,607Litwick.png
608,lampent,608,702,5,1,0,0,0,0,608.png,lampent.png,608Lampent.png
609,chandelure,609,703,5,1,0,0,0,0,609.png,chandelure.png,609Chandelure.png
610,axew,610,704,5,1,0,0,0,0,610.png,axew.png,610Axew.png
611,fraxure,611,705,5,1,0,0,0,0,611.png,fraxure.png,611Fraxure.png
612,haxorus,612,706,5,1,0,0,0,0,612.png,haxorus.png,612Haxorus.png
613,cubchoo,613,707,5,1,0,0,0,0,613.png,cubchoo.png,613Cubchoo.png
614,beartic,614,708,5,1,0,0,0,0,614.png,beartic.png,614Beartic.png
615,cryogonal,615,709,5,1,0,0,0,0,615.png,cryogonal.png,615Cryogonal.png
616,shelmet,616,710,5,1,0,0,0,0,616.png,shelmet.png,616Shelmet.png
617,accelgor,617,711,5,1,0,0,0,0,617.png,accelgor.png,617Accelgor.png
618,stunfisk,618,712,5,1,0,0,0,0,618.png,stunfisk.png,618Stunfisk.png
619,mienfoo,619,713,5,1,0,0,0,0,619.png,mienfoo.png,619Mienfoo.png
620,mienshao,620,714,5,1,0,0,0,0,620.png,mienshao.png,620Mienshao.png
621,druddigon,621,715,5,1,0,0,0,0,621.png,druddigon.png,621Druddigon.png
622,golett,622,716,5,1,0,0,0,0,622.png,golett.png,622Golett.png
623,golurk,623,717,5,1,0,0,0,0,623.png,golurk.png,623Golurk.png
624,pawniard,624,718,5,1,0,0,0,0,624.png,pawniard.png,624Pawniard.png
625,bisharp,625,719,5,1,0,0,0,0,625.png,bisharp.png,625Bisharp.png
626,bouffalant,626,720,5,1,0,0,0,0,626.png,bouffalant.png,626Bouffalant.png
627,rufflet,627,721,5,1,0,0,0,0,627.png,rufflet.png,627Rufflet.png
628,braviary,628,722,5,1,0,0,0,0,628.png,braviary.png,628Braviary.png
629,vullaby,629,723,5,1,0,0,0,0,629.png,vullaby.png,629Vullaby.png
630,mandibuzz,630,724,5,1,0,0,0,0,630.png,mandibuzz.png,630Mandibuzz.png
631,heatmor,631,725,5,1,0,0,0,0,631.png,heatmor.png,631Heatmor.png
632,durant,632,726,5,1,0,0,0,0,632.png,durant.png,632Durant.png
633,deino,633,727,5,1,0,0,0,0,633.png,deino.png,633Deino.png
634,zweilous,634,728,5,1,0,0,0,0,634.png,zweilous.png,634Zweilous.png
635,hydreigon,635,729,5,1,0,0,0,0,635.png,hydreigon.png,635Hydreigon.png
636,larvesta,636,730,5,1,0,0,0,0,636.png,larvesta.png,636Larvesta.png
637,volcarona,637,731,5,1,0,0,0,0,637.png,volcarona.png,637Volcarona.png
638,cobalion,638,732,5,1,1,0,0,0,638.png,cobalion.png,638Cobalion.png
639,terrakion,639,733,5,1,1,0,0,0,639.png,terrakion.png,639Terrakion.png
640,virizion,640,734,5,1,1,0,0,0,640.png,virizion.png,640Virizion.png
641,tornadus,641,735,5,1,1,0,0,1,641-incarnate.png,tornadus-incarnate.png,641Tornadus-Incarnate.png
642,thundurus,642,737,5,1,1,0,0,1,642-incarnate.png,thundurus-incarnate.png,642Thundurus-Incarnate.png
643,reshiram,643,739,5,1,1,0,0,0,643.png,reshiram.png,643Reshiram.png
644,zekrom,644,740,5,1,1,0,0,0,644.png,zekrom.png,644Zekrom.png
645,landorus,645,741,5,1,1,0,0,1,645-incarnate.png,landorus-incarnate.png,645Landorus-Incarnate.png
646,kyurem,646,743,5,1,1,0,0,0,646.png,kyurem.png,646Kyurem.png
647,keldeo,647,746,5,1,1,0,0,1,647-ordinary.png,keldeo-ordinary.png,647Keldeo-Ordinary.png
648,meloetta,648,748,5,1,1,0,0,1,648-aria.png,meloetta-aria.png,648Meloetta-Aria.png
649,genesect,649,750,5,1,1,0,0,0,649.png,genesect.png,649Genesect.png
650,chespin,650,751,6,1,0,0,0,0,650.png,chespin.png,650Chespin.png
651,quilladin,651,752,6,1,0,0,0,0,651.png,quilladin.png,651Quilladin.png
652,chesnaught,652,753,6,1,0,0,0,0,652.png,chesnaught.png,652Chesnaught.png
653,fennekin,653,754,6,1,0,0,0,0,653.png,fennekin.png,653Fennekin.png
654,braixen,654,755,6,1,0,0,0,0,654.png,braixen.png,654Braixen.png
655,delphox,655,756,6,1,0,0,0,0,655.png,delphox.png,655Delphox.png
656,froakie,656,757,6,1,0,0,0,0,656.png,froakie.png,656Froakie.png
657,frogadier,657,758,6,1,0,0,0,0,657.png,frogadier.png,657Frogadier.png
658,greninja,658,759,6,1,0,0,0,0,658.png,greninja.png,658Greninja.png
659,bunnelby,659,762,6,1,0,0,0,0,659.png,bunnelby.png,659Bunnelby.png
660,diggersby,660,763,6,1,0,0,0,0,660.png,diggersby.png,660Diggersby.png
661,fletchling,661,764,6,1,0,0,0,0,661.png,fletchling.png,661Fletchling.png
662,fletchinder,662,765,6,1,0,0,0,0,662.png,fletchinder.png,662Fletchinder.png
663,talonflame,663,766,6,1,0,0,0,0,663.png,talonflame.png,663Talonflame.png
664,scatterbug,664,767,6,1,0,0,0,0,664.png,scatterbug.png,664Scatterbug.png
665,spewpa,665,768,6,1,0,0,0,0,665.png,spewpa.png,665Spewpa.png
666,vivillon,666,769,6,1,0,0,0,0,666.png,vivillon.png,666Vivillon.png
667,litleo,667,770,6,1,0,0,0,0,667.png,litleo.png,667Litleo.png
668,pyroar,668,771,6,1,0,0,0,0,668.png,pyroar.png,668Pyroar.png
669,flabebe,669,772,6,1,0,0,0,0,669.png,flabebe.png,669Flabebe.png
670,floette,670,773,6,1,0,0,0,0,670.png,floette.png,670Floette.png
671,florges,671,775,6,1,0,0,0,0,671.png,florges.png,671Florges.png
672,skiddo,672,776,6,1,0,0,0,0,672.png,skiddo.png,672Skiddo.png
673,gogoat,673,777,6,1,0,0,0,0,673.png,gogoat.png,673Gogoat.png
674,pancham,674,778,6,1,0,0,0,0,674.png,pancham.png,674Pancham.png
675,pangoro,675,779,6,1,0,0,0,0,675.png,pangoro.png,675Pangoro.png
676,furfrou,676,780,6,1,0,0,0,0,676.png,furfrou.png,676Furfrou.png
677,espurr,677,781,6,1,0,0,0,0,677.png,espurr.png,677Espurr.png
678,meowstic,678,782,6,1,0,0,0,1,678.png,meowstic.png,678Meowstic.png
679,honedge,679,784,6,1,0,0,0,0,679.png,honedge.png,679Honedge.png
680,doublade,680,785,6,1,0,0,0,0,680.png,doublade.png,680Doublade.png
681,aegislash,681,786,6,1,0,0,0,1,681.png,aegislash.png,681Aegislash.png
682,spritzee,682,788,6,1,0,0,0,0,682.png,spritzee.png,682Spritzee.png
683,aromatisse,683,789,6,1,0,0,0,0,683.png,aromatisse.png,683Aromatisse.png
684,swirlix,684,790,6,1,0,0,0,0,684.png,swirlix.png,684Swirlix.png
685,slurpuff,685,791,6,1,0,0,0,0,685.png,slurpuff.png,685Slurpuff.png
686,inkay,686,792,6,1,0,0,0,0,686.png,inkay.png,686Inkay.png
687,malamar,687,793,6,1,0,0,0,0,687.png,malamar.png,687Malamar.png
688,binacle,688,794,6,1,0,0,0,0,688.png,binacle.png,688Binacle.png
689,barbaracle,689,795,6,1,0,0,0,0,689.png,barbaracle.png,689Barbaracle.png
690,skrelp,690,796,6,1,0,0,0,0,690.png,skrelp.png,690Skrelp.png
691,dragalge,691,797,6,1,0,0,0,0,691.png,dragalge.png,691Dragalge.png
692,clauncher,692,798,6,1,0,0,0,0,692.png,clauncher.png,692Clauncher.png
693,clawitzer,693,799,6,1,0,0,0,0,693.png,clawitzer.png,693Clawitzer.png
694,helioptile,694,800,6,1,0,0,0,0,694.png,helioptile.png,694Helioptile.png
695,heliolisk,695,801,6,1,0,0,0,0,695.png,heliolisk.png,695Heliolisk.png
696,tyrunt,696,802,6,1,0,0,0,0,696.png,tyrunt.png,696Tyrunt.png
697,tyrantrum,697,803,6,1,0,0,0,0,697.png,tyrantrum.png,697Tyrantrum.png
698,amaura,698,804,6,1,0,0,0,0,698.png,amaura.png,698Amaura.png
699,aurorus,699,805,6,1,0,0,0,0,699.png,aurorus.png,699Aurorus.png
700,sylveon,700,206,6,1,0,0,0,0,700.png,sylveon.png,700Sylveon.png
701,hawlucha,701,806,6,1,0,0,0,0,701.png,hawlucha.png,701Hawlucha.png
702,dedenne,702,807,6,1,0,0,0,0,702.png,dedenne.png,702Dedenne.png
703,carbink,703,808,6,1,0,0,0,0,703.png,carbink.png,703Carbink.png
704,goomy,704,809,6,1,0,0,0,0,704.png,goomy.png,704Goomy.png
705,sliggoo,705,810,6,1,0,0,0,0,705.png,sliggoo.png,705Sliggoo.png
706,goodra,706,811,6,1,0,0,0,0,706.png,goodra.png,706Goodra.png
707,klefki,707,812,6,1,0,0,0,0,707.png,klefki.png,707Klefki.png
708,phantump,708,813,6,1,0,0,0,0,708.png,phantump.png,708Phantump.png
709,trevenant,709,814,6,1,0,0,0,0,709.png,trevenant.png,709Trevenant.png
710,pumpkaboo,710,815,6,1,0,0,0,1,710-average.png,pumpkaboo-average.png,710Pumpkaboo-Average.png
711,gourgeist,711,819,6,1,0,0,0,1,711-average.png,gourgeist-average.png,711Gourgeist-Average.png
712,bergmite,712,823,6,1,0,0,0,0,712.png,bergmite.png,712Bergmite.png
713,avalugg,713,824,6,1,0,0,0,0,713.png,avalugg.png,713Avalugg.png
714,noibat,714,825,6,1,0,0,0,0,714.png,noibat.png,714Noibat.png
715,noivern,715,826,6,1,0,0,0,0,715.png,noivern.png,715Noivern.png
716,xerneas,716,827,6,1,1,0,0,0,716.png,xerneas.png,716Xerneas.png
717,yveltal,717,828,6,1,1,0,0,0,717.png,yveltal.png,717Yveltal.png
718,zygarde,718,829,6,1,1,0,0,0,718.png,zygarde.png,718Zygarde.png
719,diancie,719,833,6,1,1,0,0,0,719.png,diancie.png,719Diancie.png
720,hoopa,720,835,6,1,1,0,0,0,720.png,hoopa.png,720Hoopa.png
721,volcanion,721,837,6,1,1,0,0,0,721.png,volcanion.png,721Volcanion.png
722,rowlet,722,838,7,1,0,0,0,0,722.png,rowlet.png,722Rowlet.png
723,dartrix,723,839,7,1,0,0,0,0,723.png,dartrix.png,723Dartrix.png
724,decidueye,724,840,7,1,0,0,0,0,724.png,decidueye.png,724Decidueye.png
725,litten,725,841,7,1,0,0,0,0,725.png,litten.png,725Litten.png
726,torracat,726,842,7,1,0,0,0,0,726.png,torracat.png,726Torracat.png
727,incineroar,727,843,7,1,0,0,0,0,727.png,incineroar.png,727Incineroar.png
728,popplio,728,844,7,1,0,0,0,0,728.png,popplio.png,728Popplio.png
729,brionne,729,845,7,1,0,0,0,0,729.png,brionne.png,729Brionne.png
730,primarina,730,846,7,1,0,0,0,0,730.png,primarina.png,730Primarina.png
731,pikipek,731,847,7,1,0,0,0,0,731.png,pikipek.png,731Pikipek.png
732,trumbeak,732,848,7,1,0,0,0,0,732.png,trumbeak.png,732Trumbeak.png
733,toucannon,733,849,7,1,0,0,0,0,733.png,toucannon.png,733Toucannon.png
734,yungoos,734,850,7,1,0,0,0,0,734.png,yungoos.png,734Yungoos.png
735,gumshoos,735,851,7,1,0,0,0,0,735.png,gumshoos.png,735Gumshoos.png
736,grubbin,736,853,7,1,0,0,0,0,736.png,grubbin.png,736Grubbin.png
737,charjabug,737,854,7,1,0,0,0,0,737.png,charjabug.png,737Charjabug.png
738,vikavolt,738,855,7,1,0,0,0,0,738.png,vikavolt.png,738Vikavolt.png
739,crabrawler,739,857,7,1,0,0,0,0,739.png,crabrawler.png,739Crabrawler.png
740,crabominable,740,858,7,1,0,0,0,0,740.png,crabominable.png,740Crabominable.png
741,oricorio,741,859,7,1,0,0,0,1,741-baile.png,oricorio-baile.png,741Oricorio-Baile.png
742,cutiefly,742,863,7,1,0,0,0,0,742.png,cutiefly.png,742Cutiefly.png
743,ribombee,743,864,7,1,0,0,0,0,743.png,ribombee.png,743Ribombee.png
744,rockruff,744,866,7,1,0,0,0,0,744.png,rockruff.png,744Rockruff.png
745,lycanroc,745,868,7,1,0,0,0,1,745-midday.png,lycanroc-midday.png,745Lycanroc-Midday.png
746,wishiwashi,746,871,7,1,0,0,0,1,746-solo.png,wishiwashi-solo.png,746Wishiwashi-Solo.png
747,mareanie,747,873,7,1,0,0,0,0,747.png,mareanie.png,747Mareanie.png
748,toxapex,748,874,7,1,0,0,0,0,748.png,toxapex.png,748Toxapex.png
749,mudbray,749,875,7,1,0,0,0,0,749.png,mudbray.png,749Mudbray.png
750,mudsdale,750,876,7,1,0,0,0,0,750.png,mudsdale.png,750Mudsdale.png
751,dewpider,751,877,7,1,0,0,0,0,751.png,dewpider.png,751Dewpider.png
752,araquanid,752,878,7,1,0,0,0,0,752.png,araquanid.png,752Araquanid.png
753,fomantis,753,880,7,1,0,0,0,0,753.png,fomantis.png,753Fomantis.png
754,lurantis,754,881,7,1,0,0,0,0,754.png,lurantis.png,754Lurantis.png
755,morelull,755,883,7,1,0,0,0,0,755.png,morelull.png,755Morelull.png
756,shiinotic,756,884,7,1,0,0,0,0,756.png,shiinotic.png,756Shiinotic.png
757,salandit,757,885,7,1,0,0,0,0,757.png,salandit.png,757Salandit.png
758,salazzle,758,886,7,1,0,0,0,0,758.png,salazzle.png,758Salazzle.png
759,stufful,759,888,7,1,0,0,0,0,759.png,stufful.png,759Stufful.png
760,bewear,760,889,7,1,0,0,0,0,760.png,bewear.png,760Bewear.png
761,bounsweet,761,890,7,1,0,0,0,0,761.png,bounsweet.png,761Bounsweet.png
762,steenee,762,891,7,1,0,0,0,0,762.png,steenee.png,762Steenee.png
763,tsareena,763,892,7,1,0,0,0,0,763.png,tsareena.png,763Tsareena.png
764,comfey,764,893,7,1,0,0,0,0,764.png,comfey.png,764Comfey.png
765,oranguru,765,894,7,1,0,0,0,0,765.png,oranguru.png,765Oranguru.png
766,passimian,766,895,7,1,0,0,0,0,766.png,passimian.png,766Passimian.png
767,wimpod,767,896,7,1,0,0,0,0,767.png,wimpod.png,767Wimpod.png
768,golisopod,768,897,7,1,0,0,0,0,768.png,golisopod.png,768Golisopod.png
769,sandygast,769,898,7,1,0,0,0,0,769.png,sandygast.png,769Sandygast.png
770,palossand,770,899,7,1,0,0,0,0,770.png,palossand.png,770Palossand.png
771,pyukumuku,771,900,7,1,0,0,0,0,771.png,pyukumuku.png,771Pyukumuku.png
772,type-null,772,901,7,1,1,0,0,0,772.png,type-null.png,772Type-Null.png
773,silvally,773,902,7,1,1,0,0,0,773.png,silvally.png,773Silvally.png
774,minior,774,903,7,1,0,0,0,1,774-red-meteor.png,minior-red-meteor.png,774Minior-Red-Meteor.png
775,komala,775,917,7,1,0,0,0,0,775.png,komala.png,775Komala.png
776,turtonator,776,918,7,1,0,0,0,0,776.png,turtonator.png,776Turtonator.png
777,togedemaru,777,919,7,1,0,0,0,0,777.png,togedemaru.png,777Togedemaru.png
778,mimikyu,778,921,7,1,0,0,0,1,778-disguised.png,mimikyu-disguised.png,778Mimikyu-Disguised.png
779,bruxish,779,925,7,1,0,0,0,0,779.png,bruxish.png,779Bruxish.png
780,drampa,780,926,7,1,0,0,0,0,780.png,drampa.png,780Drampa.png
781,dhelmise,781,927,7,1,0,0,0,0,781.png,dhelmise.png,781Dhelmise.png
782,jangmo-o,782,928,7,1,0,0,0,0,782.png,jangmo-o.png,782Jangmo-O.png
783,hakamo-o,783,929,7,1,0,0,0,0,783.png,hakamo-o.png,783Hakamo-O.png
784,kommo-o,784,930,7,1,0,0,0,0,784.png,kommo-o.png,784Kommo-O.png
785,tapu_koko,785,932,7,1,1,0,0,0,785.png,tapu-koko.png,785Tapu-Koko.png
786,tapu_lele,786,933,7,1,1,0,0,0,786.png,tapu-lele.png,786Tapu-Lele.png
787,tapu_bulu,787,934,7,1,1,0,0,0,787.png,tapu-bulu.png,787Tapu-Bulu.png
788,tapu_fini,788,935,7,1,1,0,0,0,788.png,tapu-fini.png,788Tapu-Fini.png
789,cosmog,789,936,7,1,1,0,0,0,789.png,cosmog.png,789Cosmog.png
790,cosmoem,790,937,7,1,1,0,0,0,790.png,cosmoem.png,790Cosmoem.png
791,solgaleo,791,938,7,1,1,0,0,0,791.png,solgaleo.png,791Solgaleo.png
792,lunala,792,939,7,1,1,0,0,0,792.png,lunala.png,792Lunala.png
793,nihilego,793,940,7,1,1,0,0,0,793.png,nihilego.png,793Nihilego.png
794,buzzwole,794,941,7,1,1,0,0,0,794.png,buzzwole.png,794Buzzwole.png
795,pheromosa,795,942,7,1,1,0,0,0,795.png,pheromosa.png,795Pheromosa.png
796,xurkitree,796,943,7,1,1,0,0,0,796.png,xurkitree.png,796Xurkitree.png
797,celesteela,797,944,7,1,1,0,0,0,797.png,celesteela.png,797Celesteela.png
798,kartana,798,945,7,1,1,0,0,0,798.png,kartana.png,798Kartana.png
799,guzzlord,799,946,7,1,1,0,0,0,799.png,guzzlord.png,799Guzzlord.png
800,necrozma,800,947,7,1,1,0,0,0,800.png,necrozma.png,800Necrozma.png
801,magearna,801,951,7,1,1,0,0,0,801.png,magearna.png,801Magearna.png
802,marshadow,802,953,7,1,1,0,0,0,802.png,marshadow.png,802Marshadow.png
803,poipole,803,954,7,1,1,0,0,0,803.png,poipole.png,803Poipole.png
804,naganadel,804,955,7,1,1,0,0,0,804.png,naganadel.png,804Naganadel.png
805,stakataka,805,956,7,1,1,0,0,0,805.png,stakataka.png,805Stakataka.png
806,blacephalon,806,957,7,1,1,0,0,0,806.png,blacephalon.png,806Blacephalon.png
807,zeraora,807,958,7,1,1,0,0,0,807.png,zeraora.png,807Zeraora.png
10001,deoxys-attack,386,491,3,0,1,0,0,1,386-attack.png,deoxys-attack.png,386Deoxys-Attack.png
10002,deoxys-defense,386,492,3,0,1,0,0,1,386-defense.png,deoxys-defense.png,386Deoxys-Defense.png
10003,deoxys-speed,386,493,3,0,1,0,0,1,386-speed.png,deoxys-speed.png,386Deoxys-Speed.png
10004,wormadam-sandy,413,519,4,0,0,0,0,1,413-sandy.png,wormadam-sandy.png,413Wormadam-Sandy.png
10005,wormadam-trash,413,520,4,0,0,0,0,1,413-trash.png,wormadam-trash.png,413Wormadam-Trash.png
10006,shaymin-sky,492,583,4,0,1,0,0,1,492-sky.png,shaymin-sky.png,492Shaymin-Sky.png
10007,giratina-origin,487,577,4,0,1,0,0,1,487-origin.png,giratina-origin.png,487Giratina-Origin.png
10008,rotom-heat,479,564,4,0,0,0,0,1,479-heat.png,rotom-heat.png,479Rotom-Heat.png
10009,rotom-wash,479,565,4,0,0,0,0,1,479-wash.png,rotom-wash.png,479Rotom-Wash.png
10010,rotom-frost,479,566,4,0,0,0,0,1,479-frost.png,rotom-frost.png,479Rotom-Frost.png
10011,rotom-fan,479,567,4,0,0,0,0,1,479-fan.png,rotom-fan.png,479Rotom-Fan.png
10012,rotom-mow,479,568,4,0,0,0,0,1,479-mow.png,rotom-mow.png,479Rotom-Mow.png
10013,castform-sunny,351,441,3,0,0,0,0,1,351-sunny.png,castform-sunny.png,351Castform-Sunny.png
10014,castform-rainy,351,442,3,0,0,0,0,1,351-rainy.png,castform-rainy.png,351Castform-Rainy.png
10015,castform-snowy,351,443,3,0,0,0,0,1,351-snowy.png,castform-snowy.png,351Castform-Snowy.png
10016,basculin-blue-striped,550,643,5,0,0,0,0,1,550-blue-striped.png,basculin-blue-striped.png,550Basculin-Blue-Striped.png
10017,darmanitan-zen,555,649,5,0,0,0,0,1,555-zen.png,darmanitan-zen.png,555Darmanitan-Zen.png
10018,meloetta-pirouette,648,749,5,0,1,0,0,1,648-pirouette.png,meloetta-pirouette.png,648Meloetta-Pirouette.png
10019,tornadus-therian,641,736,5,0,1,0,0,1,641-therian.png,tornadus-therian.png,641Tornadus-Therian.png
10020,thundurus-therian,642,738,5,0,1,0,0,1,642-therian.png,thundurus-therian.png,642Thundurus-Therian.png
10021,landorus-therian,645,742,5,0,1,0,0,1,645-therian.png,landorus-therian.png,645Landorus-Therian.png
10022,kyurem-black,646,745,5,0,1,0,0,1,646-black.png,kyurem-black.png,646Kyurem-Black.png
10023,kyurem-white,646,744,5,0,1,0,0,1,646-white.png,kyurem-white.png,646Kyurem-White.png
10024,keldeo-resolute,647,747,5,0,1,0,0,1,647-resolute.png,keldeo-resolute.png,647Keldeo-Resolute.png
10025,meowstic-female,678,783,6,0,0,0,0,1,678-female.png,meowstic-female.png,678Meowstic-Female.png
10026,aegislash-blade,681,787,6,0,0,0,0,1,681-blade.png,aegislash-blade.png,681Aegislash-Blade.png
10027,pumpkaboo-small,710,816,6,0,0,0,0,1,710-small.png,pumpkaboo-small.png,710Pumpkaboo-Small.png
10028,pumpkaboo-large,710,817,6,0,0,0,0,1,710-large.png,pumpkaboo-large.png,710Pumpkaboo-Large.png
10029,pumpkaboo-super,710,818,6,0,0,0,0,1,710-super.png,pumpkaboo-super.png,710Pumpkaboo-Super.png
10030,gourgeist-small,711,820,6,0,0,0,0,1,711-small.png,gourgeist-small.png,711Gourgeist-Small.png
10031,gourgeist-large,711,821,6,0,0,0,0,1,711-large.png,gourgeist-large.png,711Gourgeist-Large.png
10032,gourgeist-super,711,822,6,0,0,0,0,1,711-super.png,gourgeist-super.png,711Gourgeist-Super.png
10033,venusaur-mega,3,4,6,0,0,1,0,1,003-mega.png,venusaur-mega.png,3Venusaur-Mega.png
10034,charizard-mega-x,6,8,6,0,0,1,0,1,006-mega-x.png,charizard-mega-x.png,6Charizard-Mega-X.png
10035,charizard-mega-y,6,9,6,0,0,1,0,1,006-mega-y.png,charizard-mega-y.png,6Charizard-Mega-Y.png
10036,blastoise-mega,9,13,6,0,0,1,0,1,009-mega.png,blastoise-mega.png,9Blastoise-Mega.png
10037,alakazam-mega,65,97,6,0,0,1,0,1,065-mega.png,alakazam-mega.png,65Alakazam-Mega.png
10038,gengar-mega,94,135,6,0,0,1,0,1,094-mega.png,gengar-mega.png,94Gengar-Mega.png
10039,kangaskhan-mega,115,169,6,0,0,1,0,1,115-mega.png,kangaskhan-mega.png,115Kangaskhan-Mega.png
10040,pinsir-mega,127,191,6,0,0,1,0,1,127-mega.png,pinsir-mega.png,127Pinsir-Mega.png
10041,gyarados-mega,130,195,6,0,0,1,0,1,130-mega.png,gyarados-mega.png,130Gyarados-Mega.png
10042,aerodactyl-mega,142,215,6,0,0,1,0,1,142-mega.png,aerodactyl-mega.png,142Aerodactyl-Mega.png
10043,mewtwo-mega-x,150,225,6,0,1,1,0,1,150-mega-x.png,mewtwo-mega-x.png,150Mewtwo-Mega-X.png
10044,mewtwo-mega-y,150,226,6,0,1,1,0,1,150-mega-y.png,mewtwo-mega-y.png,150Mewtwo-Mega-Y.png
10045,ampharos-mega,181,255,6,0,0,1,0,1,181-mega.png,ampharos-mega.png,181Ampharos-Mega.png
10046,scizor-mega,212,181,6,0,0,1,0,1,212-mega.png,scizor-mega.png,212Scizor-Mega.png
10047,heracross-mega,214,290,6,0,0,1,0,1,214-mega.png,heracross-mega.png,214Heracross-Mega.png
10048,houndoom-mega,229,309,6,0,0,1,0,1,229-mega.png,houndoom-mega.png,229Houndoom-Mega.png
10049,tyranitar-mega,248,321,6,0,0,1,0,1,248-mega.png,tyranitar-mega.png,248Tyranitar-Mega.png
10050,blaziken-mega,257,332,6,0,0,1,0,1,257-mega.png,blaziken-mega.png,257Blaziken-Mega.png
10051,gardevoir-mega,282,359,6,0,0,1,0,1,282-mega.png,gardevoir-mega.png,282Gardevoir-Mega.png
10052,mawile-mega,303,384,6,0,0,1,0,1,303-mega.png,mawile-mega.png,303Mawile-Mega.png
10053,aggron-mega,306,388,6,0,0,1,0,1,306-mega.png,aggron-mega.png,306Aggron-Mega.png
10054,medicham-mega,308,391,6,0,0,1,0,1,308-mega.png,medicham-mega.png,308Medicham-Mega.png
10055,manectric-mega,310,394,6,0,0,1,0,1,310-mega.png,manectric-mega.png,310Manectric-Mega.png
10056,banette-mega,354,447,6,0,0,1,0,1,354-mega.png,banette-mega.png,354Banette-Mega.png
10057,absol-mega,359,455,6,0,0,1,0,1,359-mega.png,absol-mega.png,359Absol-Mega.png
10058,garchomp-mega,445,547,6,0,0,1,0,1,445-mega.png,garchomp-mega.png,445Garchomp-Mega.png
10059,lucario-mega,448,550,6,0,0,1,0,1,448-mega.png,lucario-mega.png,448Lucario-Mega.png
10060,abomasnow-mega,460,562,6,0,0,1,0,1,460-mega.png,abomasnow-mega.png,460Abomasnow-Mega.png
10061,floette-eternal,670,774,6,0,0,0,0,1,670-eternal.png,floette-eternal.png,670Floette-Eternal.png
10062,latias-mega,380,480,6,0,1,1,0,1,380-mega.png,latias-mega.png,380Latias-Mega.png
10063,latios-mega,381,482,6,0,1,1,0,1,381-mega.png,latios-mega.png,381Latios-Mega.png
10064,swampert-mega,260,336,6,0,0,1,0,1,260-mega.png,swampert-mega.png,260Swampert-Mega.png
10065,sceptile-mega,254,328,6,0,0,1,0,1,254-mega.png,sceptile-mega.png,254Sceptile-Mega.png
10066,sableye-mega,302,382,6,0,0,1,0,1,302-mega.png,sableye-mega.png,302Sableye-Mega.png
10067,altaria-mega,334,423,6,0,0,1,0,1,334-mega.png,altaria-mega.png,334Altaria-Mega.png
10068,gallade-mega,475,361,6,0,0,1,0,1,475-mega.png,gallade-mega.png,475Gallade-Mega.png
10069,audino-mega,531,623,6,0,0,1,0,1,531-mega.png,audino-mega.png,531Audino-Mega.png
10070,sharpedo-mega,319,406,6,0,0,1,0,1,319-mega.png,sharpedo-mega.png,319Sharpedo-Mega.png
10071,slowbro-mega,80,116,6,0,0,1,0,1,080-mega.png,slowbro-mega.png,80Slowbro-Mega.png
10072,steelix-mega,208,138,6,0,0,1,0,1,208-mega.png,steelix-mega.png,208Steelix-Mega.png
10073,pidgeot-mega,18,24,6,0,0,1,0,1,018-mega.png,pidgeot-mega.png,18Pidgeot-Mega.png
10074,glalie-mega,362,458,6,0,0,1,0,1,362-mega.png,glalie-mega.png,362Glalie-Mega.png
10075,diancie-mega,719,834,6,0,1,1,0,1,719-mega.png,diancie-mega.png,719Diancie-Mega.png
10076,metagross-mega,376,475,6,0,0,1,0,1,376-mega.png,metagross-mega.png,376Metagross-Mega.png
10077,kyogre-primal,382,484,6,0,1,0,0,1,382-primal.png,kyogre-primal.png,382Kyogre-Primal.png
10078,groudon-primal,383,486,6,0,1,0,0,1,383-primal.png,groudon-primal.png,383Groudon-Primal.png
10079,rayquaza-mega,384,488,6,0,1,1,0,1,384-mega.png,rayquaza-mega.png,384Rayquaza-Mega.png
10080,pikachu-rock-star,25,37,6,0,0,0,0,1,025-rock-star.png,pikachu-rock-star.png,25Pikachu-Rock-Star.png
10081,pikachu-belle,25,38,6,0,0,0,0,1,025-belle.png,pikachu-belle.png,25Pikachu-Belle.png
10082,pikachu-pop-star,25,39,6,0,0,0,0,1,025-pop-star.png,pikachu-pop-star.png,25Pikachu-Pop-Star.png
10083,pikachu-phd,25,40,6,0,0,0,0,1,025-phd.png,pikachu-phd.png,25Pikachu-Phd.png
10084,pikachu-libre,25,41,6,0,0,0,0,1,025-libre.png,pikachu-libre.png,25Pikachu-Libre.png
10085,pikachu-cosplay,25,36,6,0,0,0,0,1,025-cosplay.png,pikachu-cosplay.png,25Pikachu-Cosplay.png
10086,hoopa-unbound,720,836,6,0,1,0,0,1,720-unbound.png,hoopa-unbound.png,720Hoopa-Unbound.png
10087,camerupt-mega,323,411,6,0,0,1,0,1,323-mega.png,camerupt-mega.png,323Camerupt-Mega.png
10088,lopunny-mega,428,535,6,0,0,1,0,1,428-mega.png,lopunny-mega.png,428Lopunny-Mega.png
10089,salamence-mega,373,471,6,0,0,1,0,1,373-mega.png,salamence-mega.png,373Salamence-Mega.png
10090,beedrill-mega,15,20,6,0,0,1,0,1,015-mega.png,beedrill-mega.png,15Beedrill-Mega.png
10091,rattata-alola,19,26,7,0,0,0,1,1,019-alola.png,rattata-alola.png,19Rattata-Alola.png
10092,raticate-alola,20,28,7,0,0,0,1,1,020-alola.png,raticate-alola.png,20Raticate-Alola.png
10093,raticate-totem-alola,20,29,7,0,0,0,1,1,020-totem-alola.png,raticate-totem-alola.png,20Raticate-Totem-Alola.png
10094,pikachu-original-cap,25,36,7,0,0,0,0,1,025-original-cap.png,pikachu-original-cap.png,25Pikachu-Original-Cap.png
10095,pikachu-hoenn-cap,25,37,7,0,0,0,0,1,025-hoenn-cap.png,pikachu-hoenn-cap.png,25Pikachu-Hoenn-Cap.png
10096,pikachu-sinnoh-cap,25,38,7,0,0,0,0,1,025-sinnoh-cap.png,pikachu-sinnoh-cap.png,25Pikachu-Sinnoh-Cap.png
10097,pikachu-unova-cap,25,39,7,0,0,0,0,1,025-unova-cap.png,pikachu-unova-cap.png,25Pikachu-Unova-Cap.png
10098,pikachu-kalos-cap,25,40,7,0,0,0,0,1,025-kalos-cap.png,pikachu-kalos-cap.png,25Pikachu-Kalos-Cap.png
10099,pikachu-alola-cap,25,41,7,0,0,0,0,1,025-alola-cap.png,pikachu-alola-cap.png,25Pikachu-Alola-Cap.png
10100,raichu-alola,26,44,7,0,0,0,1,1,026-alola.png,raichu-alola.png,26Raichu-Alola.png
10101,sandshrew-alola,27,46,7,0,0,0,1,1,027-alola.png,sandshrew-alola.png,27Sandshrew-Alola.png
10102,sandslash-alola,28,48,7,0,0,0,1,1,028-alola.png,sandslash-alola.png,28Sandslash-Alola.png
10103,vulpix-alola,37,59,7,0,0,0,1,1,037-alola.png,vulpix-alola.png,37Vulpix-Alola.png
10104,ninetales-alola,38,61,7,0,0,0,1,1,038-alola.png,ninetales-alola.png,38Ninetales-Alola.png
10105,diglett-alola,50,77,7,0,0,0,1,1,050-alola.png,diglett-alola.png,50Diglett-Alola.png
10106,dugtrio-alola,51,79,7,0,0,0,1,1,051-alola.png,dugtrio-alola.png,51Dugtrio-Alola.png
10107,meowth-alola,52,81,7,0,0,0,1,1,052-alola.png,meowth-alola.png,52Meowth-Alola.png
10108,persian-alola,53,83,7,0,0,0,1,1,053-alola.png,persian-alola.png,53Persian-Alola.png
10109,geodude-alola,74,107,7,0,0,0,1,1,074-alola.png,geodude-alola.png,74Geodude-Alola.png
10110,graveler-alola,75,109,7,0,0,0,1,1,075-alola.png,graveler-alola.png,75Graveler-Alola.png
10111,golem-alola,76,111,7,0,0,0,1,1,076-alola.png,golem-alola.png,76Golem-Alola.png
10112,grimer-alola,88,127,7,0,0,0,1,1,088-alola.png,grimer-alola.png,88Grimer-Alola.png
10113,muk-alola,89,129,7,0,0,0,1,1,089-alola.png,muk-alola.png,89Muk-Alola.png
10114,exeggutor-alola,103,147,7,0,0,0,1,1,103-alola.png,exeggutor-alola.png,103Exeggutor-Alola.png
10115,marowak-alola,105,150,7,0,0,0,1,1,105-alola.png,marowak-alola.png,105Marowak-Alola.png
10116,greninja-battle-bond,658,760,7,0,0,0,0,1,658-battle-bond.png,greninja-battle-bond.png,658Greninja-Battle-Bond.png
10117,greninja-ash,658,761,7,0,0,0,0,1,658-ash.png,greninja-ash.png,658Greninja-Ash.png
10118,zygarde-10,718,830,7,0,1,0,0,1,718-10.png,zygarde-10.png,718Zygarde-10.10.png
10119,zygarde-50,718,831,7,0,1,0,0,1,718-50.png,zygarde-50.png,718Zygarde-50.50.png
10120,zygarde-complete,718,832,7,0,1,0,0,1,718-complete.png,zygarde-complete.png,718Zygarde-Complete.png
10121,gumshoos-totem,735,852,7,0,0,0,0,1,735-totem.png,gumshoos-totem.png,735Gumshoos-Totem.png
10122,vikavolt-totem,738,856,7,0,0,0,0,1,738-totem.png,vikavolt-totem.png,738Vikavolt-Totem.png
10123,oricorio-pom-pom,741,860,7,0,0,0,0,1,741-pom-pom.png,oricorio-pom-pom.png,741Oricorio-Pom-Pom.png
10124,oricorio-pau,741,861,7,0,0,0,0,1,741-pau.png,oricorio-pau.png,741Oricorio-Pau.png
10125,oricorio-sensu,741,862,7,0,0,0,0,1,741-sensu.png,oricorio-sensu.png,741Oricorio-Sensu.png
10126,lycanroc-midnight,745,869,7,0,0,0,0,1,745-midnight.png,lycanroc-midnight.png,745Lycanroc-Midnight.png
10127,wishiwashi-school,746,872,7,0,0,0,0,1,746-school.png,wishiwashi-school.png,746Wishiwashi-School.png
10128,lurantis-totem,754,882,7,0,0,0,0,1,754-totem.png,lurantis-totem.png,754Lurantis-Totem.png
10129,salazzle-totem,758,887,7,0,0,0,0,1,758-totem.png,salazzle-totem.png,758Salazzle-Totem.png
10130,minior-orange-meteor,774,904,7,0,0,0,0,1,774-orange-meteor.png,minior-orange-meteor.png,774Minior-Orange-Meteor.png
10131,minior-yellow-meteor,774,905,7,0,0,0,0,1,774-yellow-meteor.png,minior-yellow-meteor.png,774Minior-Yellow-Meteor.png
10132,minior-green-meteor,774,906,7,0,0,0,0,1,774-green-meteor.png,minior-green-meteor.png,774Minior-Green-Meteor.png
10133,minior-blue-meteor,774,907,7,0,0,0,0,1,774-blue-meteor.png,minior-blue-meteor.png,774Minior-Blue-Meteor.png
10134,minior-indigo-meteor,774,908,7,0,0,0,0,1,774-indigo-meteor.png,minior-indigo-meteor.png,774Minior-Indigo-Meteor.png
10135,minior-violet-meteor,774,909,7,0,0,0,0,1,774-violet-meteor.png,minior-violet-meteor.png,774Minior-Violet-Meteor.png
10136,minior-red,774,910,7,0,0,0,0,1,774-red.png,minior-red.png,774Minior-Red.png
10137,minior-orange,774,911,7,0,0,0,0,1,774-orange.png,minior-orange.png,774Minior-Orange.png
10138,minior-yellow,774,912,7,0,0,0,0,1,774-yellow.png,minior-yellow.png,774Minior-Yellow.png
10139,minior-green,774,913,7,0,0,0,0,1,774-green.png,minior-green.png,774Minior-Green.png
10140,minior-blue,774,914,7,0,0,0,0,1,774-blue.png,minior-blue.png,774Minior-Blue.png
10141,minior-indigo,774,915,7,0,0,0,0,1,774-indigo.png,minior-indigo.png,774Minior-Indigo.png
10142,minior-violet,774,916,7,0,0,0,0,1,774-violet.png,minior-violet.png,774Minior-Violet.png
10143,mimikyu-busted,778,922,7,0,0,0,0,1,778-busted.png,mimikyu-busted.png,778Mimikyu-Busted.png
10144,mimikyu-totem-disguised,778,923,7,0,0,0,0,1,778-totem-disguised.png,mimikyu-totem-disguised.png,778Mimikyu-Totem-Disguised.png
10145,mimikyu-totem-busted,778,924,7,0,0,0,0,1,778-totem-busted.png,mimikyu-totem-busted.png,778Mimikyu-Totem-Busted.png
10146,kommo-o-totem,784,931,7,0,0,0,0,1,784-totem.png,kommo-o-totem.png,784Kommo-O.png
10147,magearna-original,801,952,7,0,1,0,0,1,801-original.png,magearna-original.png,801Magearna-Original.png
10148,pikachu-partner-cap,25,42,7,0,0,0,0,1,025-partner-cap.png,pikachu-partner-cap.png,25Pikachu-Partner-Cap.png
10149,marowak-totem,105,151,7,0,0,0,0,1,105-totem.png,marowak-totem.png,105Marowak-Totem.png
10150,ribombee-totem,743,865,7,0,0,0,0,1,743-totem.png,ribombee-totem.png,743Ribombee-Totem.png
10151,rockruff-own-tempo,744,867,7,0,0,0,0,1,744-own-tempo.png,rockruff-own-tempo.png,744Rockruff-Own-Tempo.png
10152,lycanroc-dusk,745,870,7,0,0,0,0,1,745-dusk.png,lycanroc-dusk.png,745Lycanroc-Dusk.png
10153,araquanid-totem,752,879,7,0,0,0,0,1,752-totem.png,araquanid-totem.png,752Araquanid-Totem.png
10154,togedemaru-totem,777,920,7,0,0,0,0,1,777-totem.png,togedemaru-totem.png,777Togedemaru-Totem.png
10155,necrozma-dusk,800,948,7,0,1,0,0,1,800-dusk.png,necrozma-dusk.png,800Necrozma-Dusk.png
10156,necrozma-dawn,800,949,7,0,1,0,0,1,800-dawn.png,necrozma-dawn.png,800Necrozma-Dawn.png
10157,necrozma-ultra,800,950,7,0,1,0,0,1,800-ultra.png,necrozma-ultra.png,800Necrozma-Ultra.png
